"TERYT Powiatu";"Powiat";"Województwo";"Liczba komisji";"Liczba uwzględnionych komisji";"Komisja otrzymała kart do głosowania";"Liczba wyborców uprawnionych do głosowania";"Nie wykorzystano kart do głosowania";"Liczba wyborców, którym wydano karty do głosowania w lokalu wyborczym";"Liczba wyborców, którym wysłano pakiety wyborcze";"Liczba wyborców, którym wydano karty do głosowania w lokalu wyborczym oraz w głosowaniu korespondencyjnym (łącznie)";"Liczba wyborców głosujących przez pełnomocnika";"Liczba wyborców głosujących na podstawie zaświadczenia o prawie do głosowania";"Liczba otrzymanych kopert zwrotnych";"Liczba kopert zwrotnych, w których nie było oświadczenia o osobistym i tajnym oddaniu głosu";"Liczba kopert zwrotnych, w których oświadczenie nie było podpisane";"Liczba kopert zwrotnych, w których nie było koperty na kartę do głosowania";"Liczba kopert zwrotnych, w których znajdowała się niezaklejona koperta na kartę do głosowania";"Liczba kopert na kartę do głosowania wrzuconych do urny";"Liczba kart wyjętych z urny";"W tym liczba kart wyjętych z kopert na kartę do głosowania";"Liczba kart nieważnych";"Liczba kart ważnych";"Liczba głosów nieważnych";"W tym z powodu postawienia znaku „X” obok nazwiska dwóch lub większej liczby kandydatów";"W tym z powodu niepostawienia znaku „X” obok nazwiska żadnego kandydata";"W tym z powodu postawienia znaku „X” wyłącznie obok skreślonego nazwiska kandydata";"Liczba głosów ważnych oddanych łącznie na wszystkich kandydatów";"BARTOSZEWICZ Artur";"BIEJAT Magdalena Agnieszka";"BRAUN Grzegorz Michał";"HOŁOWNIA Szymon Franciszek";"JAKUBIAK Marek";"MACIAK Maciej";"MENTZEN Sławomir Jerzy";"NAWROCKI Karol Tadeusz";"SENYSZYN Joanna";"STANOWSKI Krzysztof Jakub";"TRZASKOWSKI Rafał Kazimierz";"WOCH Marek Marian";"ZANDBERG Adrian Tadeusz"
20100;"bolesławiecki";"dolnośląskie";82;82;64803;65950;23939;40863;17;40880;51;427;17;0;0;0;1;16;40879;16;4;40875;218;48;170;0;40657;166;1371;2790;1692;231;90;6700;11585;374;452;13643;42;1521
20200;"dzierżoniowski";"dolnośląskie";91;91;71092;72535;27431;43661;18;43679;87;331;18;2;0;0;0;16;43675;16;6;43669;251;73;178;0;43418;222;1580;2770;1729;255;70;6064;12960;387;483;15332;29;1537
20300;"głogowski";"dolnośląskie";57;57;62955;63792;21732;41221;12;41233;35;451;11;2;1;0;1;7;41226;7;5;41221;171;49;122;0;41050;181;1562;2240;1924;276;77;5867;12546;352;455;13793;33;1744
20400;"górowski";"dolnośląskie";35;35;24689;25134;10485;14208;8;14216;19;134;8;0;0;0;0;8;14218;8;1;14217;86;29;57;0;14131;58;589;1059;554;113;34;2435;4572;131;133;3900;12;541
20500;"jaworski";"dolnośląskie";47;47;36302;36841;14214;22083;9;22092;46;247;9;0;0;0;0;9;22097;9;3;22094;118;33;85;0;21976;104;809;1554;912;133;43;3246;7266;184;222;6678;26;799
20600;"karkonoski";"dolnośląskie";60;60;49356;48363;19190;30166;9;30175;68;1233;9;0;0;0;0;9;30173;9;1;30172;146;45;101;0;30026;172;1329;1686;1330;212;56;3579;6598;308;336;13235;25;1160
20700;"kamiennogórski";"dolnośląskie";41;41;31032;31309;12275;18757;4;18761;30;259;4;0;0;0;0;4;18761;4;0;18761;94;30;64;0;18667;62;838;1077;812;104;33;2571;5232;171;174;6900;14;679
20800;"kłodzki";"dolnośląskie";151;151;114732;117776;45118;69610;32;69642;138;3188;30;6;0;0;2;22;69633;22;8;69625;312;97;215;0;69313;355;2545;4677;2976;475;130;9006;19451;600;685;26119;65;2229
20900;"legnicki";"dolnośląskie";61;61;40499;41471;14332;26166;3;26169;29;200;3;2;0;0;0;1;26166;1;3;26163;135;44;91;0;26028;128;775;1652;1165;185;67;4480;8406;256;286;7644;22;962
21000;"lubański";"dolnośląskie";50;50;39400;40168;15723;23677;11;23688;37;576;11;0;0;0;0;11;23688;11;3;23685;113;16;97;0;23572;111;938;1285;990;148;49;3305;6593;256;247;8811;14;825
21100;"lubiński";"dolnośląskie";94;94;76468;77231;25480;50986;11;50997;57;803;10;0;0;0;0;10;50996;10;13;50983;202;57;145;0;50781;206;1753;2963;2155;331;87;7679;16626;447;632;15784;38;2080
21200;"lwówecki";"dolnośląskie";51;51;33056;33440;13949;19105;1;19106;53;290;0;0;0;0;0;0;19106;0;0;19106;106;32;74;0;19000;101;718;1411;749;156;37;2455;5528;187;183;6769;9;697
21300;"milicki";"dolnośląskie";37;37;27138;27887;10298;16838;0;16838;18;199;0;0;0;0;0;0;16839;0;4;16835;49;13;36;0;16786;48;618;1071;802;115;46;2985;5192;186;144;4879;21;679
21400;"oleśnicki";"dolnośląskie";81;81;78520;81448;26738;51777;13;51790;73;606;13;0;0;0;0;13;51790;13;2;51788;234;70;164;0;51554;245;2462;2539;2660;396;117;8083;13844;491;593;17898;45;2181
21500;"oławski";"dolnośląskie";61;61;55864;57918;16754;39111;12;39123;40;412;12;1;0;0;0;11;39122;9;5;39117;153;43;110;0;38964;224;1538;2577;1758;278;90;5982;11008;427;477;12741;42;1822
21600;"polkowicki";"dolnośląskie";52;52;44570;45500;15789;28780;0;28780;49;344;0;0;0;0;0;0;28779;0;3;28776;151;39;112;0;28625;135;935;2066;1214;191;52;4926;10562;223;354;6838;18;1111
21700;"strzeliński";"dolnośląskie";50;50;32713;33742;11476;21235;6;21241;49;219;6;0;1;0;0;5;21243;5;2;21241;100;34;66;0;21141;67;650;1307;875;140;53;3366;7221;167;242;6277;17;759
21800;"średzki";"dolnośląskie";59;59;42258;44440;12640;29617;6;29623;21;390;5;0;0;0;0;5;29622;5;3;29619;139;39;100;0;29480;121;1162;1748;1355;222;53;5148;8386;363;347;9290;29;1256
21900;"świdnicki";"dolnośląskie";137;137;112177;114466;40195;71980;21;72001;108;618;21;3;0;0;0;18;71990;18;28;71962;321;89;232;0;71641;370;2730;4043;3035;441;134;9864;20117;680;755;26664;51;2757
22000;"trzebnicki";"dolnośląskie";110;110;64840;67195;19517;45316;14;45330;80;623;13;2;0;0;0;11;45330;11;3;45327;239;61;178;0;45088;205;1867;2794;2058;373;71;7045;13066;475;521;14468;46;2099
22100;"wałbrzyski";"dolnośląskie";52;52;39780;40607;15927;23850;21;23871;50;559;18;3;0;0;0;15;23866;15;2;23864;137;41;96;0;23727;118;989;1556;1128;160;58;3031;5577;258;282;9694;21;855
22200;"wołowski";"dolnośląskie";41;41;35537;36180;12951;22585;10;22595;38;173;10;0;0;0;0;10;22595;10;4;22591;120;36;84;0;22471;129;931;1516;871;158;53;3318;7045;225;232;7088;16;889
22300;"wrocławski";"dolnośląskie";133;133;122450;130408;25689;96767;23;96790;83;1290;22;1;0;0;0;21;96788;21;20;96768;408;153;255;0;96360;510;4818;4985;5678;784;150;14518;20501;1306;1410;36483;82;5135
22400;"ząbkowicki";"dolnośląskie";84;84;47323;47735;19880;27439;2;27441;55;334;2;0;0;0;0;2;27442;2;3;27439;159;50;109;0;27280;128;934;1792;1149;151;66;3980;8960;254;255;8694;27;890
22500;"zgorzelecki";"dolnośląskie";97;97;64328;65639;24650;39676;11;39687;51;1118;11;3;0;0;0;8;39687;8;2;39685;208;60;148;0;39477;190;1692;2773;1415;284;88;5822;11372;410;428;13504;35;1464
22600;"złotoryjski";"dolnośląskie";46;46;31183;31537;12542;18643;0;18643;35;227;0;0;0;0;0;0;18645;0;2;18643;88;27;61;0;18555;64;679;1191;760;120;39;2546;5847;157;161;6419;21;551
26100;"Jelenia Góra";"dolnośląskie";49;49;55679;56111;19741;35935;31;35966;62;1057;29;10;1;0;0;18;35954;18;0;35954;156;33;123;0;35798;169;1645;1863;1421;204;61;3628;7651;380;390;17054;19;1313
26200;"Legnica";"dolnośląskie";50;50;65827;67331;23909;41915;37;41952;42;611;36;8;0;0;0;28;41943;28;4;41939;179;58;121;0;41760;213;1701;2207;1953;244;96;5284;11573;436;505;15727;30;1791
26400;"Wrocław";"dolnośląskie";331;331;463203;504001;90373;372774;282;373056;379;7236;269;17;4;0;2;247;373009;247;96;372913;1432;492;940;0;371481;1766;24314;14566;19654;2558;640;41274;67535;6802;5544;147372;355;39101
26500;"Wałbrzych";"dolnośląskie";64;64;72305;73360;28589;43216;37;43253;69;751;37;0;0;0;1;36;43243;36;5;43238;211;72;139;0;43027;159;1848;2163;1869;224;77;4562;9959;449;502;19621;45;1549
40100;"aleksandrowski";"kujawsko-pomorskie";68;68;43560;44670;15332;28227;7;28234;63;2607;7;3;0;0;0;4;28230;4;1;28229;143;44;99;0;28086;105;1114;1580;1182;169;51;4236;9300;272;273;8987;23;794
40200;"brodnicki";"kujawsko-pomorskie";76;76;56544;58066;21423;35118;16;35134;55;303;16;2;0;0;0;14;35132;14;4;35128;163;53;110;0;34965;179;1134;2411;1754;259;56;6276;11120;326;380;9934;31;1105
40300;"bydgoski";"kujawsko-pomorskie";122;122;90208;93605;25909;64299;20;64319;59;691;20;2;0;0;0;18;64316;18;3;64313;242;79;163;0;64071;339;3048;3371;4005;470;110;9550;13428;773;936;25161;61;2819
40400;"chełmiński";"kujawsko-pomorskie";53;53;36007;36709;13914;22093;4;22097;40;224;4;0;0;0;0;4;22096;4;2;22094;120;35;85;0;21974;113;912;1117;1092;155;45;4053;6115;210;226;7037;25;874
40500;"golubsko-dobrzyński";"kujawsko-pomorskie";42;42;32673;33388;12970;19702;2;19704;36;151;2;0;0;0;0;2;19705;2;1;19704;69;18;51;0;19635;67;714;1208;903;139;40;4174;6491;187;193;4845;18;656
40600;"grudziądzki";"kujawsko-pomorskie";58;58;29214;29808;11792;17422;4;17426;32;121;4;2;0;0;0;2;17424;2;1;17423;91;29;62;0;17332;83;733;1074;878;141;40;3496;5388;187;194;4491;19;608
40700;"inowrocławski";"kujawsko-pomorskie";161;161;113885;115889;42474;71411;27;71438;93;1722;26;2;0;0;0;24;71432;24;1;71431;294;111;183;0;71137;349;3068;3989;3516;532;131;9948;19108;715;1527;25496;75;2683
40800;"lipnowski";"kujawsko-pomorskie";84;84;47643;48432;20472;27171;6;27177;62;359;6;0;0;0;0;6;27177;6;3;27174;144;35;109;0;27030;132;1074;1494;1458;176;81;4940;9823;212;256;6527;16;841
40900;"mogileński";"kujawsko-pomorskie";49;49;33478;34101;13004;20471;1;20472;37;144;1;0;0;1;0;0;20471;0;1;20470;85;23;62;0;20385;119;990;1407;1190;140;30;3388;6111;206;264;5835;20;685
41000;"nakielski";"kujawsko-pomorskie";102;102;62375;63482;23426;38948;4;38952;46;319;4;0;0;0;0;4;38953;4;0;38953;192;66;126;0;38761;154;1753;2128;2256;241;84;6342;10434;419;440;13018;33;1459
41100;"radziejowski";"kujawsko-pomorskie";56;56;29980;30551;12524;17456;3;17459;64;196;3;0;0;0;0;3;17459;3;2;17457;102;32;70;0;17355;59;662;1020;748;104;79;3023;7068;143;149;3780;11;509
41200;"rypiński";"kujawsko-pomorskie";59;59;31906;32454;13137;18769;4;18773;41;188;4;0;0;0;0;4;18773;4;0;18773;72;20;52;0;18701;64;687;1300;853;126;37;3228;6554;180;194;4874;23;581
41300;"sępoleński";"kujawsko-pomorskie";53;53;29212;29568;11734;17477;5;17482;51;175;5;0;0;0;0;5;17482;5;1;17481;74;22;52;0;17407;106;716;1108;899;114;62;3046;5150;203;177;5191;23;612
41400;"świecki";"kujawsko-pomorskie";115;115;69870;71433;27119;42750;15;42765;61;446;15;0;0;0;0;15;42767;15;8;42759;239;85;154;0;42520;209;1845;2835;2191;278;98;7173;11920;474;490;13381;34;1592
41500;"toruński";"kujawsko-pomorskie";91;91;81519;83691;26717;54786;7;54793;69;503;7;0;0;0;0;7;54799;7;1;54798;234;66;168;0;54564;225;2411;2970;3010;363;93;9903;13498;609;684;18164;53;2581
41600;"tucholski";"kujawsko-pomorskie";60;60;34828;35904;12590;22240;4;22244;41;242;4;0;0;0;0;4;22242;4;0;22242;91;30;61;0;22151;106;758;1726;1107;190;49;4058;7407;228;256;5579;28;659
41700;"wąbrzeski";"kujawsko-pomorskie";34;34;24099;24521;10209;13889;1;13890;15;103;1;0;0;0;0;1;13890;1;3;13887;52;12;40;0;13835;57;555;845;715;100;28;2658;3850;150;163;4243;16;455
41800;"włocławski";"kujawsko-pomorskie";102;102;64867;66012;26827;38040;8;38048;66;1020;7;0;0;0;0;7;38047;7;0;38047;215;74;141;0;37832;161;1669;2254;1796;270;139;6211;13385;334;388;10058;36;1131
41900;"żniński";"kujawsko-pomorskie";98;98;50668;52007;18755;31911;8;31919;38;326;8;0;0;0;0;8;31921;8;2;31919;167;51;116;0;31752;145;1422;2118;1758;236;57;5334;9104;325;389;9701;26;1137
46100;"Bydgoszcz";"kujawsko-pomorskie";208;208;232478;241846;65710;166748;190;166938;193;2683;184;16;2;3;2;161;166891;161;5;166886;585;196;389;0;166301;785;8811;6445;9097;1090;313;18458;34987;2064;2339;72955;153;8804
46200;"Grudziądz";"kujawsko-pomorskie";55;55;62033;62364;23024;39008;15;39023;47;639;14;1;0;0;0;13;39022;13;8;39014;171;61;110;0;38843;174;1931;1610;1965;216;56;4899;8584;375;409;17050;32;1542
46300;"Toruń";"kujawsko-pomorskie";126;126;138778;143815;37438;101330;73;101403;96;1858;70;10;0;0;0;60;101396;59;29;101367;321;103;218;0;101046;376;5486;3550;5061;596;150;12488;21071;1308;1258;42435;96;7171
46400;"Włocławek";"kujawsko-pomorskie";69;69;76256;76567;28985;47271;27;47298;99;652;25;0;0;0;0;25;47296;25;1;47295;194;63;131;0;47101;189;2584;2139;2061;273;258;4831;11427;404;454;20700;27;1754
60100;"bialski";"lubelskie";134;134;83269;82977;30284;52987;18;53005;75;751;17;0;0;0;0;17;53001;17;6;52995;252;79;173;0;52743;275;1313;6541;2308;508;153;9677;21036;455;524;8234;199;1520
60200;"biłgorajski";"lubelskie";112;112;76149;75636;27472;48678;7;48685;162;511;7;0;0;0;0;7;48684;7;2;48682;202;58;144;0;48480;245;813;5622;1640;422;121;8642;21988;265;367;7186;31;1138
60300;"chełmski";"lubelskie";107;107;58140;58219;24210;33927;53;33980;52;252;53;0;4;0;0;49;33978;49;6;33972;158;49;109;0;33814;188;883;4124;1326;257;78;6529;13755;225;301;5201;42;905
60400;"hrubieszowski";"lubelskie";87;87;46856;46542;19757;27098;7;27105;68;374;7;0;0;0;0;7;27105;7;0;27105;105;29;76;0;27000;143;678;2816;977;217;49;4890;11272;198;183;4960;27;590
60500;"janowski";"lubelskie";45;45;34067;34274;10597;23470;3;23473;107;219;2;0;0;0;0;2;23471;2;1;23470;80;17;63;0;23390;92;314;2525;542;212;44;3922;12787;105;179;2193;13;462
60600;"krasnostawski";"lubelskie";101;101;48028;48001;19529;28499;19;28518;87;335;19;2;0;0;0;17;28514;17;1;28513;133;37;96;0;28380;135;732;2523;1096;275;65;4913;11582;249;220;5681;32;877
60700;"kraśnicki";"lubelskie";95;95;70134;70343;25901;44228;9;44237;127;317;9;0;0;0;0;9;44241;9;4;44237;200;63;137;0;44037;172;1083;4411;1629;371;66;6821;20178;330;448;7351;51;1126
60800;"lubartowski";"lubelskie";98;98;66257;66704;21900;44358;6;44364;114;340;6;0;0;0;0;6;44364;6;3;44361;198;55;143;0;44163;222;1054;4519;1810;376;100;8415;18216;375;452;7008;68;1548
60900;"lubelski";"lubelskie";144;144;119910;124124;33773;86134;18;86152;169;748;18;1;0;1;0;16;86143;15;7;86136;358;89;269;0;85778;520;2305;7354;4429;933;186;16184;32660;812;1110;15895;121;3269
61000;"łęczyński";"lubelskie";65;65;41800;42787;13112;28686;8;28694;30;349;8;1;0;0;0;7;28693;7;1;28692;114;35;79;0;28578;112;638;3119;1059;276;66;6050;11301;218;300;4499;48;892
61100;"łukowski";"lubelskie";133;133;77682;77936;23752;53927;3;53930;68;435;3;0;0;0;0;3;53931;3;4;53927;259;57;202;0;53668;308;1064;6232;1824;409;98;10294;24645;306;426;6565;119;1378
61200;"opolski";"lubelskie";71;71;44103;44508;16418;27684;4;27688;66;237;4;0;0;0;0;4;27685;4;0;27685;152;35;117;0;27533;130;675;2571;1047;278;61;4880;12080;207;238;4557;24;785
61300;"parczewski";"lubelskie";46;46;26105;25822;9946;16159;8;16167;44;247;8;1;0;0;0;7;16165;7;1;16164;73;26;47;0;16091;87;389;1808;656;122;46;3077;6190;122;163;2921;29;481
61400;"puławski";"lubelskie";109;109;86154;86640;27897;58255;45;58300;138;1525;43;4;0;0;0;39;58290;39;10;58280;214;68;146;0;58066;347;1843;4493;2585;673;139;8829;21637;563;650;14092;83;2132
61500;"radzyński";"lubelskie";77;77;44314;43966;15627;28687;9;28696;54;279;9;1;0;0;1;7;28694;7;0;28694;134;35;99;0;28560;171;666;3327;989;243;72;5271;12304;242;207;3895;395;778
61600;"rycki";"lubelskie";81;81;40828;41262;12444;28384;3;28387;49;338;3;0;0;0;0;3;28387;3;0;28387;110;30;80;0;28277;144;769;2307;1374;247;43;4665;12079;217;265;5302;19;846
61700;"świdnicki";"lubelskie";63;63;53044;54143;17069;35975;18;35993;91;375;17;5;0;0;0;12;35985;12;17;35968;145;38;107;0;35823;188;1133;2796;1629;345;61;5612;13747;359;465;7963;52;1473
61800;"tomaszowski";"lubelskie";113;113;62378;61951;24834;37543;7;37550;99;456;6;2;0;0;0;4;37547;4;4;37543;154;38;116;0;37389;200;811;3548;1208;333;68;6370;17090;234;284;6336;29;878
61900;"włodawski";"lubelskie";52;52;29092;28994;11423;17669;6;17675;48;282;6;0;0;0;0;6;17675;6;1;17674;106;36;70;0;17568;113;566;1653;933;169;29;2769;6250;140;173;4263;25;485
62000;"zamojski";"lubelskie";153;153;81113;81250;30567;50544;27;50571;149;678;26;8;0;0;0;18;50561;18;6;50555;228;57;171;0;50327;247;1057;5995;1723;498;101;8462;22975;331;376;7222;62;1278
66100;"Biała Podlaska";"lubelskie";29;29;41293;41155;13320;27967;25;27992;46;389;23;5;0;0;0;18;27990;18;5;27985;88;23;65;0;27897;158;964;2815;1447;210;64;3947;9161;309;354;7404;74;990
66200;"Chełm";"lubelskie";36;36;44867;44694;17202;27664;24;27688;43;253;21;1;0;0;0;20;27684;20;4;27680;95;41;54;0;27585;146;885;2404;1243;237;54;3742;8639;262;283;8869;21;800
66300;"Lublin";"lubelskie";217;217;245910;253867;66725;179178;178;179356;263;2737;175;6;1;0;0;168;179330;162;27;179303;608;196;412;0;178695;1054;7087;10836;9894;1783;324;23247;51332;2251;2581;57141;226;10939
66400;"Zamość";"lubelskie";35;35;45850;45361;16936;28914;30;28944;51;568;28;0;0;0;0;28;28940;28;2;28938;123;29;94;0;28815;154;903;2523;1294;240;55;3678;10002;234;279;8531;21;901
80100;"gorzowski";"lubuskie";70;70;53735;54741;18811;34923;2;34925;34;421;2;1;0;0;0;1;34919;1;2;34917;147;41;106;0;34770;204;1364;2201;1645;196;52;5778;7550;386;430;13452;29;1483
80200;"krośnieński";"lubuskie";63;63;39327;40189;16039;23288;0;23288;34;343;0;0;0;0;0;0;23287;0;4;23283;132;29;103;0;23151;104;863;1297;1217;97;41;3325;5471;214;271;9413;8;830
80300;"międzyrzecki";"lubuskie";66;66;41802;42506;16422;25380;12;25392;46;615;12;5;0;0;0;7;25384;5;1;25383;144;39;105;0;25239;121;983;1487;1269;167;45;3802;5759;247;265;10242;25;827
80400;"nowosolski";"lubuskie";65;65;61239;62499;23521;37719;44;37763;48;417;42;5;1;0;0;36;37752;36;3;37749;189;55;134;0;37560;172;1201;2224;1753;211;49;5481;9913;341;381;14302;30;1502
80500;"słubicki";"lubuskie";39;39;33779;35102;12869;20908;2;20910;19;713;2;1;0;0;0;1;20910;1;0;20910;113;30;83;0;20797;101;824;1237;995;103;33;3231;4548;199;236;8388;18;884
80600;"strzelecko-drezdenecki";"lubuskie";53;53;35241;35850;14827;20414;6;20420;51;281;6;1;0;0;0;5;20419;5;0;20419;88;24;64;0;20331;84;871;1296;990;94;26;2959;5388;176;195;7528;13;711
80700;"sulęciński";"lubuskie";49;49;26116;25984;10588;15530;2;15532;19;316;2;0;0;0;0;2;15530;2;0;15530;82;24;58;0;15448;74;459;994;629;100;23;2714;4223;139;179;5402;10;502
80800;"świebodziński";"lubuskie";59;59;40112;41056;14671;25437;13;25450;30;285;13;1;0;0;0;12;25453;12;3;25450;149;41;108;0;25301;107;905;1500;1218;166;51;4051;6260;240;273;9577;34;919
80900;"zielonogórski";"lubuskie";78;78;55239;56766;19554;35685;15;35700;38;492;15;0;1;0;0;14;35699;14;2;35697;185;45;140;0;35512;179;1420;2058;1872;210;79;5497;7676;335;408;14288;28;1462
81000;"żagański";"lubuskie";80;80;55412;56201;23049;32360;20;32380;59;420;20;2;0;0;0;18;32378;18;0;32378;174;44;130;0;32204;157;1142;2195;1442;194;64;4512;8912;293;319;11742;31;1201
81100;"żarski";"lubuskie";82;82;67880;68925;27838;40040;21;40061;51;489;19;0;0;0;0;19;40059;19;2;40057;213;49;164;0;39844;185;1428;2616;1845;230;96;5487;9759;369;427;15936;32;1434
81200;"wschowski";"lubuskie";44;44;27729;28423;10839;16891;5;16896;16;247;5;0;0;0;0;5;16895;5;0;16895;108;36;72;0;16787;97;562;1072;797;110;27;2702;5268;150;166;5155;15;666
86100;"Gorzów Wielkopolski";"lubuskie";68;68;83937;84439;29292;54644;35;54679;63;906;34;1;0;0;0;33;54677;33;8;54669;210;65;145;0;54459;219;2332;2784;2701;306;101;6852;11763;553;706;23927;47;2168
86200;"Zielona Góra";"lubuskie";86;86;99439;102470;27846;71595;64;71659;98;987;62;7;0;0;0;55;71644;55;12;71632;256;52;204;0;71376;329;3175;2993;3979;421;92;8062;12776;878;903;33969;63;3736
100100;"bełchatowski";"łódzkie";79;79;82975;83911;25422;57549;8;57557;77;609;8;1;0;0;0;7;57559;7;2;57557;280;105;175;0;57277;328;2103;4123;2116;596;115;11241;22385;503;622;11159;39;1947
100200;"kutnowski";"łódzkie";86;86;71195;71560;26143;45059;22;45081;95;387;21;1;0;0;0;20;45076;18;2;45074;237;76;161;0;44837;201;1652;2857;1880;378;90;6294;16971;418;429;12076;36;1555
100300;"łaski";"łódzkie";60;60;37373;38540;11455;25917;2;25919;36;271;2;0;0;0;0;2;25919;2;0;25919;116;40;76;0;25803;120;1030;1757;1179;186;58;3981;9116;304;327;6721;23;1001
100400;"łęczycki";"łódzkie";53;53;37986;38303;13900;24086;10;24096;33;202;10;0;0;0;0;10;24094;10;2;24092;129;36;93;0;23963;92;783;1575;894;154;61;4186;9942;210;184;5168;22;692
100500;"łowicki";"łódzkie";83;83;58715;59746;19106;39610;6;39616;49;327;6;0;0;0;0;6;39614;6;1;39613;227;65;162;0;39386;206;1448;2381;1907;366;90;6497;15856;363;464;8294;39;1475
100600;"łódzki wschodni";"łódzkie";90;90;56218;58497;13475;42740;8;42748;66;499;7;0;0;0;0;7;42750;7;2;42748;173;43;130;0;42575;237;1878;2709;2236;388;67;6103;12889;465;586;13065;44;1908
100700;"opoczyński";"łódzkie";95;95;56385;56860;16028;40353;7;40360;60;321;7;0;0;0;0;7;40360;7;0;40360;193;57;136;0;40167;135;986;2831;1475;413;81;6346;20026;271;393;6041;28;1141
100800;"pabianicki";"łódzkie";71;71;87615;90846;23534;64090;20;64110;139;867;19;4;0;0;1;14;64097;14;8;64089;312;106;206;0;63777;331;3325;3602;3452;552;150;7668;17210;728;919;22840;53;2947
100900;"pajęczański";"łódzkie";45;45;38432;38981;13013;25417;3;25420;62;192;2;1;0;0;0;1;25417;1;2;25415;135;32;103;0;25280;105;800;1803;873;230;67;4431;11115;195;234;4528;15;884
101000;"piotrkowski";"łódzkie";95;95;68707;70774;20317;48389;3;48392;65;510;2;0;0;0;0;2;48388;2;0;48388;238;63;175;0;48150;226;1303;4238;1834;414;103;8401;21762;384;527;7307;45;1606
101100;"poddębicki";"łódzkie";55;55;31297;32313;10522;20775;0;20775;28;378;0;0;0;0;0;0;20775;0;0;20775;92;30;62;0;20683;105;838;1462;979;164;46;3097;8251;206;219;4646;16;654
101200;"radomszczański";"łódzkie";109;109;83207;84440;29698;53507;18;53525;134;514;17;0;0;0;0;17;53522;17;3;53519;241;70;171;0;53278;277;1962;3722;2119;402;100;8321;21143;497;509;12446;43;1737
101300;"rawski";"łódzkie";38;38;35652;36544;11323;24329;3;24332;24;197;3;0;0;0;0;3;24331;3;7;24324;133;34;99;0;24191;111;730;1872;1029;245;48;3944;10465;199;252;4579;19;698
101400;"sieradzki";"łódzkie";101;101;87596;88774;29943;57648;23;57671;91;396;22;3;0;0;0;19;57668;19;6;57662;258;87;171;0;57404;227;2204;3799;2801;448;116;9226;22462;543;607;13072;41;1858
101500;"skierniewicki";"łódzkie";42;42;28454;29479;7777;20675;3;20678;24;145;2;0;0;0;0;2;20679;2;1;20678;115;33;82;0;20563;114;617;1651;872;223;43;3719;9208;205;248;2885;15;763
101600;"tomaszowski";"łódzkie";92;92;84376;86172;25207;59167;22;59189;95;605;22;0;0;0;0;22;59189;21;5;59184;259;67;192;0;58925;282;2010;4160;2667;505;122;8952;22113;516;696;14760;40;2102
101700;"wieluński";"łódzkie";88;88;57126;57693;19600;37526;5;37531;55;358;5;1;0;0;0;4;37531;4;7;37524;180;51;129;0;37344;203;1486;2554;1703;318;41;5955;13781;348;397;9199;28;1331
101800;"wieruszowski";"łódzkie";45;45;31534;32418;11237;20296;1;20297;34;150;1;0;0;0;0;1;20295;1;0;20295;104;31;73;0;20191;100;681;1637;1020;183;43;3979;6938;185;262;4444;24;695
101900;"zduńskowolski";"łódzkie";43;43;48035;48768;15761;32273;5;32278;41;276;5;1;0;0;0;4;32278;4;4;32274;144;52;92;0;32130;186;1321;2102;1767;242;61;4553;10889;301;410;8857;22;1419
102000;"zgierski";"łódzkie";136;136;123744;127565;35221;88511;28;88539;127;1110;27;4;0;0;0;23;88533;21;14;88519;394;121;273;0;88125;470;4413;4841;4455;696;172;11607;24750;924;1187;30498;62;4050
102100;"brzeziński";"łódzkie";45;45;23211;23884;6990;16221;1;16222;36;127;1;0;0;0;0;1;16221;1;0;16221;79;11;68;0;16142;84;591;1230;866;143;44;2554;5963;168;192;3674;15;618
106100;"Łódź";"łódzkie";323;323;482574;491800;135205;347351;349;347700;342;6084;329;19;3;0;2;306;347623;305;65;347558;1313;405;908;0;346245;1640;22263;15220;17011;2386;581;33413;69956;5074;4768;150722;322;22889
106200;"Piotrków Trybunalski";"łódzkie";41;41;51673;52214;16600;35072;16;35088;55;471;15;0;0;0;1;14;35089;14;4;35085;150;50;100;0;34935;197;1457;2249;1649;297;46;4526;10508;329;477;11713;23;1464
106300;"Skierniewice";"łódzkie";29;29;33983;34626;9170;24815;11;24826;28;203;11;0;0;0;0;11;24827;11;5;24822;106;36;70;0;24716;156;1100;1266;1296;252;46;3055;7118;293;339;8498;29;1268
120100;"bocheński";"małopolskie";86;86;80170;82208;22084;58085;16;58101;93;483;16;1;0;0;0;15;58100;15;3;58097;210;64;146;0;57887;268;1256;4461;2733;540;85;10366;25409;381;709;9508;57;2114
120200;"brzeski";"małopolskie";77;77;69554;70608;23208;46345;19;46364;66;481;18;0;0;0;0;18;46360;18;3;46357;188;54;134;0;46169;207;855;3910;1919;371;79;8988;20245;313;424;7225;32;1601
120300;"chrzanowski";"małopolskie";93;93;90742;92304;29896;60845;44;60889;77;602;42;3;0;0;1;39;60884;39;2;60882;242;78;164;0;60640;425;2700;3515;3175;476;98;8867;17299;657;817;19794;49;2768
120400;"dąbrowski";"małopolskie";63;63;44538;44720;17901;26637;10;26647;41;218;10;0;0;0;0;10;26646;10;0;26646;111;35;76;0;26535;85;365;2356;988;220;38;4662;13659;163;211;3073;14;701
120500;"gorlicki";"małopolskie";99;99;80963;81622;28754;52208;26;52234;101;649;23;4;0;0;0;19;52226;19;1;52225;208;69;139;0;52017;212;1116;4554;2188;342;92;9018;22716;336;479;9514;45;1405
120600;"krakowski";"małopolskie";265;265;215045;225104;53214;161831;68;161899;291;1811;66;3;0;2;1;60;161886;59;21;161865;665;205;460;0;161200;837;5723;10126;8966;1477;258;26739;52650;1793;2267;42357;158;7849
120700;"limanowski";"małopolskie";115;115;96667;98303;27768;68898;87;68985;66;697;85;8;0;1;0;76;68972;76;8;68964;281;69;212;0;68683;280;904;5564;2024;514;97;13500;35741;349;584;7226;38;1862
120800;"miechowski";"małopolskie";89;89;36939;37748;12712;24231;1;24232;38;233;1;0;0;0;0;1;24232;1;5;24227;110;31;79;0;24117;110;747;1946;927;192;58;4240;10156;229;215;4412;27;858
120900;"myślenicki";"małopolskie";100;100;95308;98558;24310;70996;22;71018;83;762;22;1;0;0;0;21;71019;21;3;71016;292;58;234;0;70724;300;1532;5239;3041;678;116;13996;29895;548;818;11910;65;2586
121000;"nowosądecki";"małopolskie";195;195;158765;163040;42890;115874;54;115928;172;3064;54;5;0;0;0;49;115918;49;4;115914;488;129;359;0;115426;443;1420;8452;3326;845;177;22546;59612;623;914;14220;68;2780
121100;"nowotarski";"małopolskie";156;156;142405;145418;51900;90502;28;90530;119;1734;28;5;0;0;0;23;90523;23;6;90517;412;100;312;0;90105;323;1502;8959;2862;546;129;17120;40049;562;853;14396;60;2744
121200;"olkuski";"małopolskie";104;104;82007;83616;25066;56939;13;56952;83;591;13;0;0;1;0;12;56948;12;6;56942;260;83;177;0;56682;285;2250;3707;2398;451;103;8456;19933;546;652;15454;44;2403
121300;"oświęcimski";"małopolskie";108;108;111513;114218;32239;79268;31;79299;152;552;31;3;0;0;0;28;79297;28;3;79294;292;93;199;0;79002;379;2694;4596;3777;617;141;12786;25424;705;961;23359;77;3486
121400;"proszowicki";"małopolskie";85;85;32697;33701;11313;21383;2;21385;47;164;2;0;0;0;0;2;21386;2;0;21386;100;27;73;0;21286;67;517;1764;971;155;42;4118;9179;174;202;3322;20;755
121500;"suski";"małopolskie";62;62;62627;64083;20332;42295;14;42309;86;590;14;1;0;0;0;13;42304;13;1;42303;173;46;127;0;42130;154;924;3074;1557;329;60;8325;17608;307;387;8030;39;1336
121600;"tarnowski";"małopolskie";194;194;151134;152679;50702;100431;65;100496;130;728;63;2;0;0;0;61;100487;61;8;100479;420;122;298;0;100059;452;1768;8517;4267;870;189;18794;46232;738;997;13989;81;3165
121700;"tatrzański";"małopolskie";54;54;50188;53901;14795;35394;20;35414;64;2377;20;2;0;0;0;18;35412;18;1;35411;128;30;98;0;35283;122;802;4254;1284;236;49;5169;14122;249;323;7532;29;1112
121800;"wadowicki";"małopolskie";116;116;118834;121743;36221;82609;23;82632;144;614;22;0;0;0;0;22;82623;22;13;82610;353;85;268;0;82257;352;2270;5800;4448;639;151;14835;29753;745;1001;19066;96;3101
121900;"wielicki";"małopolskie";111;111;100077;105055;23416;76669;25;76694;75;996;25;1;0;0;0;24;76696;24;11;76685;305;74;231;0;76380;371;2818;4715;4870;722;92;13370;23584;854;1187;19840;68;3889
126100;"Kraków";"małopolskie";456;456;594147;621058;127792;466379;435;466814;427;9172;409;27;3;0;1;379;466754;378;89;466665;1517;523;994;0;465148;1996;28219;19142;29109;3947;630;56765;97053;7881;7390;163093;440;49483
126200;"Nowy Sącz";"małopolskie";53;53;59783;60103;17848;41932;35;41967;46;393;34;0;1;0;0;33;41964;33;2;41962;158;51;107;0;41804;173;927;2550;1801;295;84;6411;16090;305;523;11229;50;1366
126300;"Tarnów";"małopolskie";74;74;80642;80265;27690;52954;71;53025;104;795;70;6;2;0;1;61;53013;61;3;53010;206;55;151;0;52804;249;1743;3224;3003;456;77;6776;16645;493;605;17310;35;2188
140100;"białobrzeski";"mazowieckie";38;38;25013;26089;6859;18153;1;18154;29;225;1;0;0;0;0;1;18155;1;8;18147;128;20;108;0;18019;74;418;1221;568;138;32;3152;8900;122;171;2721;11;491
140200;"ciechanowski";"mazowieckie";71;71;65572;66476;22267;43301;16;43317;60;489;15;1;1;0;0;13;43317;13;3;43314;206;62;144;0;43108;211;1337;3204;1860;614;85;6511;16946;334;464;10046;32;1464
140300;"garwoliński";"mazowieckie";147;147;80147;82314;20101;60040;10;60050;96;601;9;1;0;0;0;8;60055;8;1;60054;326;74;252;0;59728;336;1395;4826;2310;611;107;10745;27923;404;700;8397;42;1932
140400;"gostyniński";"mazowieckie";53;53;33539;33868;12255;21283;3;21286;36;215;3;1;0;0;0;2;21286;2;0;21286;121;34;87;0;21165;90;649;1389;790;170;52;3295;8863;181;215;4818;9;644
140500;"grodziski";"mazowieckie";60;60;74007;77847;14594;59408;25;59433;72;1027;25;2;0;0;0;23;59428;23;8;59420;242;92;150;0;59178;348;3034;3328;3308;583;104;8197;14348;797;963;21020;49;3099
140600;"grójecki";"mazowieckie";96;96;73323;76140;19679;53641;11;53652;82;683;9;3;0;0;0;6;53647;6;10;53637;240;69;171;0;53397;307;1836;3894;2317;576;130;9505;20003;493;596;11848;36;1856
140700;"kozienicki";"mazowieckie";67;67;45456;46239;13663;31796;9;31805;73;319;9;0;0;0;0;9;31803;9;3;31800;162;57;105;0;31638;176;934;2536;1050;243;59;5043;13940;232;323;6149;13;940
140800;"legionowski";"mazowieckie";71;71;91622;97171;16767;74854;27;74881;68;1727;26;2;0;0;0;24;74872;24;12;74860;318;85;233;0;74542;427;3659;3636;4419;729;94;9974;18350;993;1186;27113;78;3884
140900;"lipski";"mazowieckie";45;45;25683;25839;10233;15450;0;15450;18;197;0;0;0;0;0;0;15450;0;0;15450;84;20;64;0;15366;97;470;1264;544;130;20;2703;6929;143;127;2525;11;403
141000;"łosicki";"mazowieckie";48;48;22560;23019;7243;15317;3;15320;29;220;3;0;0;0;0;3;15320;3;0;15320;70;18;52;0;15250;85;313;1938;466;164;37;2811;6928;107;123;1916;24;338
141100;"makowski";"mazowieckie";56;56;34835;33730;12836;21999;9;22008;36;321;7;0;0;0;0;7;22005;7;1;22004;107;37;70;0;21897;86;470;1750;772;256;49;3716;10151;140;169;3825;12;501
141200;"miński";"mazowieckie";126;126;114499;119901;26378;88121;46;88167;84;1043;46;1;0;0;0;45;88169;45;11;88158;420;118;302;0;87738;551;3482;5714;5252;966;167;13950;29543;916;1274;21889;109;3925
141300;"mławski";"mazowieckie";65;65;53010;53797;19268;33741;9;33750;62;332;8;0;0;0;0;8;33748;8;1;33747;200;36;164;0;33547;163;931;2552;1287;316;58;6421;13125;266;305;7272;16;835
141400;"nowodworski";"mazowieckie";55;55;58807;61314;16346;42464;5;42469;53;621;5;2;0;0;0;3;42466;3;0;42466;194;54;140;0;42272;210;1695;2578;1934;386;66;6257;13655;459;610;12515;40;1867
141500;"ostrołęcki";"mazowieckie";118;118;71079;68284;26813;44265;3;44268;61;328;3;0;0;0;0;3;44267;3;3;44264;222;42;180;0;44042;211;925;4257;1738;356;92;9018;19516;248;392;6115;26;1148
141600;"ostrowski";"mazowieckie";94;94;56123;54300;20160;35967;5;35972;108;438;5;0;0;0;0;5;35972;4;6;35966;167;42;125;0;35799;142;840;2468;1240;310;73;6395;16650;233;323;6154;39;932
141700;"otwocki";"mazowieckie";114;114;92714;96585;18579;74141;30;74171;101;1164;29;2;0;0;0;27;74170;27;23;74147;370;88;282;0;73777;486;2888;4242;4174;783;133;10027;24059;802;1101;21741;84;3257
141800;"piaseczyński";"mazowieckie";133;133;143738;151808;25631;118097;52;118149;136;2829;47;6;4;0;1;37;118136;37;30;118106;472;129;343;0;117634;669;6024;5519;6722;1154;172;15516;26561;1549;1941;45376;116;6315
141900;"płocki";"mazowieckie";137;137;83538;85225;29003;54531;8;54539;106;372;8;2;0;0;0;6;54539;6;6;54533;308;71;237;0;54225;235;1774;3905;2714;489;79;8767;22851;421;631;10592;52;1715
142000;"płoński";"mazowieckie";81;81;65283;66767;24091;41194;3;41197;60;509;2;0;0;0;0;2;41194;2;3;41191;222;44;178;0;40969;174;1271;3204;1671;409;89;6713;16439;296;458;8968;34;1243
142100;"pruszkowski";"mazowieckie";94;94;124877;131030;22496;102373;46;102419;136;1877;44;4;3;0;0;37;102409;37;24;102385;404;153;251;0;101981;586;5110;4755;5829;983;138;12650;24274;1442;1713;38739;113;5649
142200;"przasnyski";"mazowieckie";64;64;38165;38167;14069;24096;1;24097;60;283;1;0;0;0;0;1;24097;1;2;24095;141;33;108;0;23954;101;566;1977;935;221;38;4310;10507;161;236;4233;21;648
142300;"przysuski";"mazowieckie";66;66;31257;31715;9052;22200;6;22206;69;301;6;0;0;0;0;6;22211;6;1;22210;116;32;84;0;22094;81;461;1547;688;155;34;3600;12092;131;165;2641;18;481
142400;"pułtuski";"mazowieckie";58;58;40887;39712;14777;26110;19;26129;55;265;19;0;0;0;1;18;26128;18;3;26125;157;45;112;0;25968;144;714;1969;1257;255;54;4427;10558;221;291;5217;27;834
142500;"radomski";"mazowieckie";135;135;114400;116370;35119;79276;11;79287;86;623;10;0;0;0;0;10;79286;10;9;79277;416;101;315;0;78861;423;1967;6317;2879;686;118;14700;35882;543;766;12096;54;2430
142600;"siedlecki";"mazowieckie";96;96;60690;62290;16545;44144;14;44158;38;343;14;2;0;0;0;12;44155;12;5;44150;230;51;179;0;43920;239;815;4750;1505;439;109;8919;20631;247;404;4598;32;1232
142700;"sierpecki";"mazowieckie";53;53;37646;38246;14291;23355;4;23359;47;159;4;0;0;0;0;4;23358;4;2;23356;139;37;102;0;23217;102;749;1571;877;154;45;4138;10006;183;223;4547;16;606
142800;"sochaczewski";"mazowieckie";67;67;61489;63559;18189;43301;11;43312;69;340;11;2;0;0;0;9;43306;9;9;43297;227;77;150;0;43070;193;1548;3218;2023;347;103;6489;15666;390;556;10758;26;1753
142900;"sokołowski";"mazowieckie";55;55;40199;40532;12366;27832;7;27839;51;284;7;0;0;0;0;7;27834;7;5;27829;140;38;102;0;27689;121;545;2492;1314;308;48;4897;12525;177;269;4285;19;689
143000;"szydłowiecki";"mazowieckie";36;36;29334;29778;10246;19089;6;19095;31;164;6;0;0;0;0;6;19092;6;2;19090;97;33;64;0;18993;90;450;1557;572;170;28;3368;9138;110;192;2721;7;590
143200;"warszawski zachodni";"mazowieckie";71;71;93064;97456;17018;76043;25;76068;76;1669;22;2;0;0;0;20;76064;20;21;76043;333;104;229;0;75710;430;3652;3724;4184;784;114;10084;19037;999;1173;27559;82;3888
143300;"węgrowski";"mazowieckie";72;72;48760;50074;14057;34702;22;34724;46;333;21;0;0;0;0;21;34722;21;8;34714;234;49;185;0;34480;168;860;2862;1380;297;89;5813;15383;274;331;6015;12;996
143400;"wołomiński";"mazowieckie";170;170;186058;197033;37684;148370;48;148418;112;2061;46;3;0;0;0;43;148412;43;12;148400;709;193;516;0;147691;861;6127;9236;8071;1658;255;23884;47581;1658;2468;38338;161;7393
143500;"wyszkowski";"mazowieckie";68;68;58580;57469;18302;40277;0;40277;80;471;0;0;0;0;0;0;40277;0;7;40270;201;30;171;0;40069;211;1055;3022;1718;385;60;7077;16486;300;425;7901;42;1387
143600;"zwoleński";"mazowieckie";44;44;26441;27418;8909;17531;1;17532;13;176;1;0;0;0;0;1;17533;1;3;17530;92;23;69;0;17438;81;403;1432;559;132;46;3181;8310;100;154;2530;13;497
143700;"żuromiński";"mazowieckie";37;37;28354;28429;11280;17074;8;17082;29;162;7;0;0;0;0;7;17080;7;0;17080;83;21;62;0;16997;69;551;895;730;154;26;3096;7073;129;149;3715;10;400
143800;"żyrardowski";"mazowieckie";64;64;54316;56846;14788;39525;15;39540;36;367;14;0;0;0;0;14;39540;14;3;39537;198;55;143;0;39339;246;1625;2668;1883;352;88;5847;12540;470;528;11266;28;1798
146100;"Ostrołęka";"mazowieckie";29;29;33889;36612;9533;24355;13;24368;25;313;13;0;0;0;0;13;24368;13;0;24368;137;25;112;0;24231;134;821;1827;1197;190;41;3463;8678;186;252;6621;27;794
146200;"Płock";"mazowieckie";71;71;84592;84747;27037;57555;22;57577;53;787;22;0;0;1;0;21;57571;21;5;57566;215;74;141;0;57351;248;2639;2869;2587;379;75;6386;17783;521;784;20777;43;2260
146300;"Radom";"mazowieckie";114;114;145382;147170;43590;101794;86;101880;82;1112;79;6;0;0;0;73;101863;73;12;101851;409;139;270;0;101442;450;3730;6403;4671;841;162;14174;34570;816;1217;30365;73;3970
146400;"Siedlce";"mazowieckie";43;43;55308;56140;15052;40256;19;40275;35;538;19;1;0;0;0;18;40275;18;2;40273;188;46;142;0;40085;236;1291;3392;1939;392;103;5935;13614;363;483;10791;63;1483
146501;"Warszawa";"mazowieckie";851;851;1298904;1379227;205281;1093416;847;1094263;1090;27579;771;69;4;5;1;693;1093959;688;366;1093593;3913;1319;2594;0;1089680;5538;81291;38470;58602;9781;1472;103910;199119;19616;17880;460616;1016;92369
;"statki";;5;5;245;173;73;172;0;172;0;33;0;0;0;0;0;0;172;0;0;172;1;0;1;0;171;3;7;15;16;1;0;36;15;2;2;65;2;7
;"zagranica";;511;511;697214;524204;229394;467802;0;467802;0;17365;0;0;0;0;0;0;467758;0;125;467633;1937;269;1668;0;465696;2051;28459;51537;15955;2931;917;77193;74829;5798;4182;171471;233;30140
160100;"brzeski";"opolskie";103;103;64512;65606;23834;40676;20;40696;47;445;20;1;0;0;0;19;40697;19;1;40696;180;48;132;0;40516;216;1364;3107;1781;339;90;6418;12183;361;504;12506;26;1621
160200;"głubczycki";"opolskie";64;64;33651;33470;14233;19418;10;19428;54;235;10;0;0;0;0;10;19428;10;0;19428;111;47;64;0;19317;106;430;1358;748;133;45;2934;7246;136;181;5438;13;549
160300;"kędzierzyńsko-kozielski";"opolskie";71;71;65343;66300;28150;37190;18;37208;44;419;15;1;0;0;0;14;37202;14;6;37196;174;52;122;0;37022;179;1403;2322;2340;292;94;5334;8336;343;517;14387;38;1437
160400;"kluczborski";"opolskie";70;70;47133;47455;20582;26549;9;26558;63;268;8;0;0;0;0;8;26558;8;2;26556;129;30;99;0;26427;135;869;1845;1297;171;46;4226;7330;204;314;8990;20;980
160500;"krapkowicki";"opolskie";57;57;45622;46714;21706;23916;16;23932;23;261;15;1;0;0;0;14;23930;14;0;23930;111;33;78;0;23819;101;904;1527;1676;139;40;4099;4682;244;335;9008;25;1039
160600;"namysłowski";"opolskie";71;71;31807;32269;12164;19643;4;19647;41;227;4;0;0;0;0;4;19646;4;6;19640;95;25;70;0;19545;92;769;1162;932;160;33;3468;6015;167;197;5858;16;676
160700;"nyski";"opolskie";143;143;100181;100496;41989;58191;27;58218;90;842;27;5;0;0;0;22;58213;22;1;58212;296;80;216;0;57916;263;1766;3853;2440;375;128;8470;19337;528;532;18182;56;1986
160800;"oleski";"opolskie";69;69;47252;48343;21054;26177;3;26180;43;287;2;0;0;0;0;2;26180;2;0;26180;154;53;101;0;26026;149;895;2056;1627;191;111;4460;7214;244;341;7710;41;987
160900;"opolski";"opolskie";135;135;92258;94713;41048;51208;8;51216;61;386;7;1;0;0;0;6;51211;6;6;51205;230;73;157;0;50975;283;1824;3285;3773;315;117;8146;10520;508;669;19374;62;2099
161000;"prudnicki";"opolskie";75;75;39558;40008;18112;21452;5;21457;31;171;5;2;0;0;0;3;21458;3;1;21457;103;22;81;0;21354;106;623;1512;1066;140;36;3668;6617;173;228;6381;12;792
161100;"strzelecki";"opolskie";81;81;55693;56507;26319;29374;5;29379;39;190;5;1;0;0;0;4;29377;4;0;29377;169;49;120;0;29208;144;946;1861;2121;180;74;5168;6632;254;403;10251;33;1141
166100;"Opole";"opolskie";84;84;90905;94296;26223;64663;39;64702;61;1027;37;1;0;0;0;36;64703;36;5;64698;257;81;176;0;64441;333;3045;2862;3733;386;122;7273;11067;814;895;30168;66;3677
180100;"bieszczadzki";"podkarpackie";37;37;16366;16494;6798;9567;1;9568;20;293;1;0;0;0;0;1;9568;1;0;9568;38;14;24;0;9530;49;322;844;360;74;38;1626;3417;72;83;2414;9;222
180200;"brzozowski";"podkarpackie";59;59;48985;49346;17401;31584;11;31595;119;260;11;0;0;0;1;10;31592;9;3;31589;110;37;73;0;31479;140;415;3441;933;250;56;5619;16046;152;221;3426;18;762
180300;"dębicki";"podkarpackie";118;118;100853;102057;32271;68583;29;68612;123;443;26;1;0;0;0;25;68609;25;3;68606;265;88;177;0;68341;238;1230;6360;2408;591;104;11868;31575;476;647;10739;59;2046
180400;"jarosławski";"podkarpackie";120;120;89877;90181;31823;58052;23;58075;129;543;23;2;0;0;0;21;58078;21;5;58073;276;61;215;0;57797;217;995;5177;1889;387;108;11112;26601;372;472;9047;55;1365
180500;"jasielski";"podkarpackie";127;127;85810;85976;30574;55231;14;55245;117;395;13;1;0;0;0;12;55245;12;7;55238;204;66;138;0;55034;260;977;4878;1912;516;70;8939;26269;343;487;8900;54;1429
180600;"kolbuszowski";"podkarpackie";66;66;47392;47184;17775;29617;4;29621;54;162;4;0;0;0;0;4;29619;4;0;29619;134;28;106;0;29485;113;454;2651;898;256;47;5901;14658;168;296;3192;19;832
180700;"krośnieński";"podkarpackie";110;110;85979;86445;29919;56049;43;56092;130;1422;43;1;0;0;0;42;56081;42;7;56074;215;61;154;0;55859;251;1078;5568;2095;447;110;9260;25691;355;504;8944;53;1503
180800;"leżajski";"podkarpackie";58;58;51637;51330;18132;33505;1;33506;51;247;1;0;0;0;0;1;33505;1;4;33501;117;31;86;0;33384;107;435;2926;977;244;52;6205;17473;142;270;3762;16;775
180900;"lubaczowski";"podkarpackie";67;67;42025;41634;16796;25228;1;25229;54;451;1;0;0;0;0;1;25228;1;3;25225;121;39;82;0;25104;93;630;2378;888;165;90;4450;11182;184;191;4194;13;646
181000;"łańcucki";"podkarpackie";58;58;60907;62264;17793;43116;23;43139;68;343;23;0;0;0;0;23;43131;23;2;43129;154;50;104;0;42975;232;848;4514;1880;408;99;8367;18840;285;405;5833;31;1233
181100;"mielecki";"podkarpackie";124;124;100579;101810;33731;66845;29;66874;128;376;29;0;0;0;0;29;66875;29;3;66872;235;60;175;0;66637;323;1464;6341;2644;577;132;11485;28751;572;656;11582;49;2061
181200;"niżański";"podkarpackie";83;83;50261;49986;19415;30846;1;30847;76;282;1;0;0;0;0;1;30847;1;4;30843;135;26;109;0;30708;149;556;3263;908;211;45;5621;14751;169;232;3958;22;823
181300;"przemyski";"podkarpackie";106;106;55738;56110;20609;35132;11;35143;75;406;11;0;0;0;0;11;35142;11;7;35135;182;54;128;0;34953;146;667;3564;1145;258;113;6812;15779;201;271;5173;37;787
181400;"przeworski";"podkarpackie";82;82;59081;59787;20369;38710;14;38724;104;214;14;1;0;0;0;13;38724;13;1;38723;156;37;119;0;38567;140;710;3667;1296;313;72;7562;17738;236;298;5478;17;1040
181500;"ropczycko-sędziszowski";"podkarpackie";69;69;55959;56824;17242;38717;14;38731;72;219;14;3;0;0;0;11;38726;11;4;38722;160;54;106;0;38562;184;606;3970;1227;351;73;7561;18976;245;322;4018;27;1002
181600;"rzeszowski";"podkarpackie";127;127;129293;132203;36080;93209;24;93233;133;720;24;0;0;0;0;24;93222;24;3;93219;370;107;263;0;92849;523;1789;9629;3809;858;162;17824;40458;699;1186;12812;84;3016
181700;"sanocki";"podkarpackie";82;82;70367;69947;27592;42777;16;42793;87;516;16;0;1;0;0;15;42788;15;5;42783;149;32;117;0;42634;160;1118;3942;1677;338;96;6845;17137;312;430;9364;33;1182
181800;"stalowowolski";"podkarpackie";95;95;77800;77291;29024;48775;20;48795;62;394;20;3;0;0;0;17;48788;17;6;48782;175;52;123;0;48607;229;1216;4220;1694;332;93;7722;20701;340;497;10061;37;1465
181900;"strzyżowski";"podkarpackie";65;65;46122;46657;16357;29765;6;29771;45;264;5;0;0;0;0;5;29770;5;3;29767;134;29;105;0;29633;124;520;3392;1091;307;50;5701;13461;181;278;3616;21;891
182000;"tarnobrzeski";"podkarpackie";51;51;40450;40808;14730;25719;7;25726;40;393;7;1;0;0;0;6;25723;6;2;25721;115;38;77;0;25606;99;582;2390;898;195;57;4816;11394;156;240;3976;23;780
182100;"leski";"podkarpackie";33;33;21496;22104;7530;13966;4;13970;39;1074;4;0;0;0;0;4;13970;4;0;13970;67;21;46;0;13903;72;355;1130;588;89;39;2447;5458;100;126;3175;8;316
186100;"Krosno";"podkarpackie";28;28;34026;33843;11633;22394;5;22399;51;344;5;0;0;0;0;5;22399;5;6;22393;60;16;44;0;22333;129;658;1726;1081;208;46;2882;7709;187;227;6726;19;735
186200;"Przemyśl";"podkarpackie";39;39;43513;43007;17008;26506;40;26546;57;506;39;2;1;0;0;36;26539;36;5;26534;117;34;83;0;26417;127;834;2040;1093;207;67;3427;8978;212;260;8379;26;767
186300;"Rzeszów";"podkarpackie";102;102;144277;152512;33751;110528;77;110605;103;1460;77;7;0;1;0;69;110577;69;33;110544;392;124;268;0;110152;634;4109;7503;6677;1124;186;18252;30018;1366;1835;32316;136;5996
186400;"Tarnobrzeg";"podkarpackie";35;35;34172;33502;12800;21371;9;21380;38;260;9;1;0;0;0;8;21380;8;1;21379;104;41;63;0;21275;85;827;1445;903;139;27;2717;6810;166;261;7214;20;661
200100;"augustowski";"podlaskie";54;54;42975;42853;16932;26041;8;26049;54;548;8;0;0;0;0;8;26047;8;7;26040;126;26;100;0;25914;228;657;2092;1314;217;84;4843;9645;185;274;5618;21;736
200200;"białostocki";"podlaskie";149;149;119236;120900;37170;82063;34;82097;112;1192;34;0;0;0;0;34;82094;34;4;82090;397;113;284;0;81693;514;2268;6244;5393;742;255;14551;28342;773;1137;18561;52;2861
200300;"bielski";"podlaskie";56;56;40531;40368;16392;24139;8;24147;80;229;8;0;0;0;0;8;24147;8;4;24143;110;32;78;0;24033;130;764;1960;1431;139;155;3921;8789;205;195;5690;10;644
200400;"grajewski";"podlaskie";46;46;34093;34037;14756;19337;7;19344;29;213;6;1;0;0;0;5;19342;5;0;19342;118;43;75;0;19224;100;383;1788;806;145;40;3291;8363;115;164;3535;7;487
200500;"hajnowski";"podlaskie";47;47;34930;33687;15392;19540;8;19548;25;920;8;2;0;0;0;6;19545;6;2;19543;97;24;73;0;19446;142;973;1638;1523;126;225;3548;3637;250;207;6477;22;678
200600;"kolneński";"podlaskie";48;48;28653;28328;12030;16623;8;16631;42;193;8;1;0;0;0;7;16629;7;0;16629;103;20;83;0;16526;61;284;1667;511;124;23;3034;8094;79;101;2202;7;339
200700;"łomżyński";"podlaskie";61;61;38195;38899;13731;24462;4;24466;69;162;4;0;0;0;0;4;24467;4;6;24461;110;25;85;0;24351;118;404;2474;744;246;46;4679;11916;117;190;2831;9;577
200800;"moniecki";"podlaskie";43;43;29786;29861;12710;17076;8;17084;46;174;8;0;0;0;0;8;17082;8;1;17081;77;11;66;0;17004;87;315;1706;778;104;31;3357;7323;109;151;2579;18;446
200900;"sejneński";"podlaskie";22;22;14822;14994;6574;8247;2;8249;30;165;2;0;0;0;0;2;8249;2;0;8249;57;12;45;0;8192;81;299;716;494;60;23;1471;2440;60;61;2239;6;242
201000;"siemiatycki";"podlaskie";54;54;33346;32769;14306;19039;4;19043;43;443;4;0;0;0;0;4;19043;4;1;19042;86;17;69;0;18956;110;558;1882;915;138;104;2990;7263;142;150;4222;14;468
201100;"sokólski";"podlaskie";73;73;49890;49392;20710;29182;5;29187;83;366;4;0;0;0;0;4;29187;4;2;29185;138;20;118;0;29047;205;603;2243;1651;192;91;5328;11987;196;256;5457;25;813
201200;"suwalski";"podlaskie";42;42;26676;27050;9963;16715;4;16719;49;234;4;2;0;0;0;2;16717;2;0;16717;68;18;50;0;16649;282;451;1749;688;121;38;3364;6238;143;150;2968;10;447
201300;"wysokomazowiecki";"podlaskie";68;68;42118;42133;13956;28161;4;28165;78;314;3;0;0;0;0;3;28164;3;0;28164;139;38;101;0;28025;132;364;2549;883;235;40;5513;14359;151;231;3006;22;540
201400;"zambrowski";"podlaskie";49;49;32697;32707;11945;20752;3;20755;34;140;3;1;0;0;0;2;20754;2;5;20749;116;20;96;0;20633;68;371;1508;853;185;30;3869;9329;133;209;3558;11;509
206100;"Białystok";"podlaskie";192;192;204372;213477;53582;150782;99;150881;149;2087;96;6;0;0;1;90;150859;90;28;150831;624;172;452;0;150207;815;5884;8717;11609;1286;485;22378;41154;1854;2406;44987;133;8499
206200;"Łomża";"podlaskie";32;32;43417;43349;15202;28213;30;28243;41;396;30;1;0;0;0;29;28241;29;3;28238;118;28;90;0;28120;149;730;1902;1193;220;39;4244;11006;195;310;7241;19;872
206300;"Suwałki";"podlaskie";38;38;50579;49503;19258;31325;10;31335;30;442;10;1;0;0;0;9;31333;9;4;31329;123;27;96;0;31206;588;1067;2224;1551;210;72;5106;9440;260;355;9201;13;1119
220100;"bytowski";"pomorskie";114;114;56168;57316;21304;34863;17;34880;42;349;16;6;0;0;0;10;34871;10;1;34870;186;41;145;0;34684;161;1204;2159;1980;239;63;6136;10247;351;377;10703;31;1033
220200;"chojnicki";"pomorskie";86;86;70008;70658;24043;45961;17;45978;70;561;15;1;0;0;0;14;45976;14;1;45975;165;46;119;0;45810;197;1634;3004;2529;299;103;8117;13840;460;508;13420;45;1654
220300;"człuchowski";"pomorskie";78;78;41255;41315;17300;23953;8;23961;27;329;8;0;0;0;0;8;23963;8;0;23963;148;41;107;0;23815;130;1033;1535;1200;161;50;3921;5689;222;272;8805;13;784
220400;"gdański";"pomorskie";76;76;88560;93528;22302;66252;17;66269;77;1102;17;2;0;0;0;15;66267;15;17;66250;293;77;216;0;65957;301;3148;3339;4269;486;118;10368;12162;919;1051;26000;59;3737
220500;"kartuski";"pomorskie";112;112;102029;107049;24378;77651;28;77679;52;994;26;2;3;0;0;21;77671;21;20;77651;376;111;265;0;77275;358;2641;5153;5042;532;146;14797;22122;832;1046;21438;88;3080
220600;"kościerski";"pomorskie";63;63;52943;54287;16081;36861;19;36880;41;607;16;1;0;0;0;15;36876;15;3;36873;197;66;131;0;36676;183;1145;2443;2245;237;68;6636;11267;350;412;10306;39;1345
220700;"kwidzyński";"pomorskie";77;77;58849;59140;23389;35459;13;35472;53;307;12;1;0;1;0;10;35468;10;11;35457;235;64;171;0;35222;173;1543;2133;1658;218;54;5851;9266;313;407;12201;30;1375
220800;"lęborski";"pomorskie";60;60;46462;47166;15266;31197;13;31210;47;998;13;3;0;0;1;10;31206;10;3;31203;172;57;115;0;31031;157;1206;1825;1612;228;52;4820;7310;301;346;11962;20;1192
220900;"malborski";"pomorskie";44;44;44930;45466;17072;27856;10;27866;48;284;10;0;1;0;0;9;27865;9;6;27859;127;43;84;0;27732;188;1390;1454;1572;171;42;4042;6185;260;335;10906;28;1159
221000;"nowodworski";"pomorskie";39;39;27961;28106;10295;17666;4;17670;25;1413;4;0;0;0;0;4;17671;4;1;17670;99;13;86;0;17571;74;742;1130;886;126;22;2405;4057;187;182;7027;25;708
221100;"pucki";"pomorskie";77;77;69325;71552;18341;50984;9;50993;41;2798;9;0;0;0;0;9;50990;9;2;50988;262;63;199;0;50726;291;2115;3001;3312;410;85;8114;11029;667;772;18277;32;2621
221200;"słupski";"pomorskie";128;128;72015;72980;27394;44620;21;44641;63;2252;18;1;0;0;0;17;44635;17;0;44635;220;62;158;0;44415;221;1956;2750;2203;325;64;6709;10488;427;488;17141;58;1585
221300;"starogardzki";"pomorskie";112;112;90563;92860;31518;59041;24;59065;67;746;24;7;0;0;0;17;59059;17;2;59057;299;86;213;0;58758;298;2210;3823;3226;481;132;10401;18113;570;706;16477;56;2265
221400;"tczewski";"pomorskie";100;100;80166;82083;27756;52408;16;52424;57;525;16;0;0;0;0;16;52423;16;8;52415;234;78;156;0;52181;246;2207;2686;2941;326;109;8533;13822;556;716;17499;54;2486
221500;"wejherowski";"pomorskie";131;131;156419;164003;41120;115288;53;115341;153;1398;51;8;1;0;1;42;115326;42;11;115315;536;162;374;0;114779;594;4880;6936;7530;818;224;19173;26116;1427;1799;39226;146;5910
221600;"sztumski";"pomorskie";44;44;29863;30079;13159;16703;1;16704;28;82;1;0;0;0;0;1;16703;1;0;16703;116;48;68;0;16587;86;676;895;849;78;56;2654;4362;164;196;5996;19;556
226100;"Gdańsk";"pomorskie";205;205;338997;372134;57072;281947;226;282173;207;6462;210;10;3;1;0;196;282127;196;92;282035;1041;353;688;0;280994;1217;17730;9311;16580;1715;367;29180;47287;4790;4383;121757;229;26448
226200;"Gdynia";"pomorskie";118;118;170568;180455;36189;134391;128;134519;210;3063;123;17;0;0;0;106;134483;106;36;134447;481;168;313;0;133966;630;7623;5045;7358;866;195;13246;22466;2310;1990;62516;134;9587
226300;"Słupsk";"pomorskie";47;47;61398;62188;20470;40926;41;40967;56;780;36;1;1;0;0;34;40964;34;13;40951;202;59;143;0;40749;209;1862;2105;1921;264;70;4549;9041;407;428;18188;34;1671
226400;"Sopot";"pomorskie";25;25;26134;27603;5027;21105;11;21116;65;1297;11;1;0;0;0;10;21116;10;9;21107;77;17;60;0;21030;91;1175;687;1009;118;32;1484;3572;343;269;10578;25;1647
240100;"będziński";"śląskie";100;100;109183;111293;35563;73617;40;73657;140;889;37;2;0;0;0;35;73652;35;6;73646;296;123;173;0;73350;353;4377;3701;3520;476;136;9021;16796;911;1009;29325;69;3656
240200;"bielski";"śląskie";94;94;122347;126436;31831;90515;43;90558;144;991;43;6;0;0;0;37;90544;37;5;90539;344;107;237;0;90195;446;3078;5178;5544;759;165;15593;26288;827;1183;27166;80;3888
240300;"cieszyński";"śląskie";127;127;132498;135243;41166;91341;68;91409;148;2320;65;3;0;0;0;63;91406;63;6;91400;304;97;207;0;91096;503;3199;5691;5435;688;185;15300;24669;924;1150;29625;91;3636
240400;"częstochowski";"śląskie";145;145;102439;104807;33442;68995;21;69016;85;504;21;0;0;0;0;21;69014;21;1;69013;331;96;235;0;68682;359;2612;4597;3346;516;117;10615;23886;686;883;18241;69;2755
240500;"gliwicki";"śląskie";89;89;83156;85422;28453;54703;30;54733;42;516;30;2;0;1;0;27;54729;27;1;54728;266;86;180;0;54462;259;2041;3649;3227;403;92;8928;14820;589;804;17080;62;2508
240600;"kłobucki";"śląskie";73;73;64133;65342;22191;41941;14;41955;58;290;12;3;0;0;0;9;41950;9;1;41949;183;64;119;0;41766;191;1504;3156;2001;311;92;6766;14290;386;522;10810;33;1704
240700;"lubliniecki";"śląskie";72;72;57564;59054;21435;36128;29;36157;55;287;26;2;0;0;0;24;36149;24;0;36149;177;47;130;0;35972;227;1141;2737;1922;262;93;6600;10918;349;518;9683;50;1472
240800;"mikołowski";"śląskie";65;65;72133;74394;20084;52047;30;52077;104;352;29;0;0;0;0;29;52075;29;0;52075;224;80;144;0;51851;347;1985;2905;3159;415;101;8531;13643;561;805;16747;71;2581
240900;"myszkowski";"śląskie";61;61;52582;54062;18212;34370;8;34378;79;370;8;0;0;0;0;8;34378;8;1;34377;165;47;118;0;34212;172;1316;2608;1596;270;63;5258;11524;353;405;9280;31;1336
241000;"pszczyński";"śląskie";84;84;80665;83109;20843;59798;44;59842;68;531;42;2;0;1;0;39;59835;39;1;59834;266;94;172;0;59568;304;1855;3633;3132;462;103;10980;20777;543;751;14421;74;2533
241100;"raciborski";"śląskie";85;85;76649;77748;32952;43695;17;43712;54;290;17;0;0;0;0;17;43711;17;3;43708;192;59;133;0;43516;237;1463;2777;2543;310;74;7693;11827;390;542;13922;46;1692
241200;"rybnicki";"śląskie";48;48;56284;57842;17429;38854;6;38860;55;284;6;1;0;0;0;5;38858;5;4;38854;205;58;147;0;38649;186;1217;2368;1839;267;80;7524;13767;295;482;9171;43;1410
241300;"tarnogórski";"śląskie";92;92;104159;106622;34296;69864;44;69908;109;499;41;4;0;0;0;37;69898;37;6;69892;278;100;178;0;69614;362;2654;3904;4256;505;110;10215;18760;748;1003;23814;77;3206
241400;"bieruńsko-lędziński";"śląskie";42;42;43161;44620;12088;31071;34;31105;45;225;34;1;0;0;0;33;31105;33;8;31097;149;47;102;0;30948;134;918;2098;1508;231;55;5804;11029;300;426;6980;26;1439
241500;"wodzisławski";"śląskie";103;103;112238;114614;37389;74848;27;74875;102;704;27;4;0;0;0;23;74873;23;4;74869;289;97;192;0;74580;297;2479;4949;3569;551;130;13933;24823;612;848;19605;57;2727
241600;"zawierciański";"śląskie";121;121;87684;89362;29654;58029;24;58053;102;679;22;0;0;0;0;22;58048;22;6;58042;230;72;158;0;57812;225;2414;3897;2540;372;141;8693;19121;615;575;16880;44;2295
241700;"żywiecki";"śląskie";107;107;112725;115990;33790;78918;70;78988;177;1327;70;3;0;2;0;65;78979;65;8;78971;377;98;279;0;78594;389;1940;5939;3442;567;145;13361;30887;586;851;17642;61;2784
246100;"Bielsko-Biała";"śląskie";77;77;120150;123702;33123;87045;111;87156;122;1538;97;4;0;1;0;92;87118;84;23;87095;320;117;203;0;86775;436;3580;4499;5096;692;169;11714;21907;925;1087;32358;66;4246
246200;"Bytom";"śląskie";82;82;103942;106349;40570;63363;63;63426;50;593;58;16;1;0;0;41;63411;41;2;63409;328;109;219;0;63081;283;3168;3149;3465;412;117;9134;15552;749;881;22627;54;3490
246300;"Chorzów";"śląskie";65;65;70724;72431;25245;45476;29;45505;71;330;26;1;2;2;1;20;45496;20;1;45495;246;64;182;0;45249;229;2567;2181;2770;278;73;5755;9218;631;783;17884;48;2832
246400;"Częstochowa";"śląskie";135;135;153541;156573;48018;105516;129;105645;124;1656;127;19;0;0;0;108;105622;108;16;105606;441;151;290;0;105165;537;4522;5565;4938;707;180;12312;28281;1110;1388;40895;90;4640
246500;"Dąbrowa Górnicza";"śląskie";67;67;84495;86438;26511;57980;31;58011;58;851;29;2;1;0;0;26;58005;26;15;57990;201;67;134;0;57789;305;3569;2999;2776;340;114;6573;13334;664;817;23322;46;2930
246600;"Gliwice";"śląskie";117;117;123890;127207;36392;87495;71;87566;124;909;71;0;1;0;0;70;87565;70;3;87562;407;123;284;0;87155;400;4110;4208;4963;607;150;11237;18464;1157;1185;35588;87;4999
246700;"Jastrzębie-Zdrój";"śląskie";38;38;61916;62464;21476;40441;19;40460;48;418;19;1;0;0;0;18;40457;18;4;40453;206;53;153;0;40247;161;1513;2401;1724;262;77;6637;14422;302;431;10608;40;1669
246800;"Jaworzno";"śląskie";48;48;64580;66205;20951;43629;43;43672;89;581;42;4;0;1;0;37;43664;37;5;43659;177;68;109;0;43482;195;2073;2637;2247;308;71;6277;11405;526;596;14996;33;2118
246900;"Katowice";"śląskie";168;168;205653;214572;55189;150467;144;150611;180;2225;141;14;0;0;1;126;150575;124;19;150556;567;185;382;0;149989;727;8504;6019;8328;967;249;16924;31639;2293;2118;61137;161;10923
247000;"Mysłowice";"śląskie";41;41;51400;52722;15702;35693;22;35715;66;459;22;2;0;0;0;20;35718;20;3;35715;165;47;118;0;35550;126;1586;1859;1881;245;70;5466;9765;454;535;11824;31;1708
247100;"Piekary Śląskie";"śląskie";32;32;38243;39181;13446;24796;19;24815;50;189;19;2;0;0;0;17;24813;17;1;24812;141;37;104;0;24671;106;1013;1120;1347;176;43;3382;7549;287;346;8006;29;1267
247200;"Ruda Śląska";"śląskie";79;79;94573;97038;33575;60997;34;61031;64;418;34;1;0;0;0;33;61026;33;12;61014;314;83;231;0;60700;260;2737;3119;3641;374;116;9716;16501;694;1023;19381;65;3073
247300;"Rybnik";"śląskie";72;72;95819;97716;30706;65123;40;65163;89;631;40;11;0;0;1;28;65144;28;1;65143;237;63;174;0;64906;339;2584;3552;3487;491;137;11003;18799;555;819;20239;61;2840
247400;"Siemianowice Śląskie";"śląskie";41;41;45646;47138;15023;30622;10;30632;48;414;10;1;0;0;0;9;30628;9;9;30619;143;46;97;0;30476;150;1689;1477;2137;194;60;3866;6711;368;427;11745;29;1623
247500;"Sosnowiec";"śląskie";107;107;139281;142804;44131;95145;56;95201;87;1275;54;5;0;0;1;48;95194;48;12;95182;336;113;223;0;94846;442;5595;4708;4400;599;174;10562;22084;1168;1318;38625;93;5078
247600;"Świętochłowice";"śląskie";27;27;32890;33761;12486;20404;7;20411;30;214;6;1;0;0;0;5;20408;5;3;20405;101;30;71;0;20304;110;976;1084;1203;114;38;2791;4967;231;308;7297;21;1164
247700;"Tychy";"śląskie";67;67;88057;89960;24920;63134;57;63191;89;827;54;2;1;0;1;50;63184;50;9;63175;243;77;166;0;62932;312;2782;3105;3437;471;70;8480;16456;712;920;22792;53;3342
247800;"Zabrze";"śląskie";89;89;113323;115861;46647;66675;40;66715;75;711;37;2;1;0;0;34;66708;34;4;66704;312;88;224;0;66392;286;3210;3489;3666;435;117;10190;16004;873;921;23523;71;3607
247900;"Żory";"śląskie";26;26;44279;45499;13574;30707;10;30717;36;239;10;2;0;0;0;8;30714;8;2;30712;146;42;104;0;30566;156;1172;1646;1469;211;41;5528;9017;298;402;9230;28;1368
260100;"buski";"świętokrzyskie";94;94;55554;56826;19915;35638;6;35644;86;2077;5;0;0;0;0;5;35643;5;5;35638;156;46;110;0;35482;148;1034;2784;1419;259;69;4882;15448;293;282;7825;24;1015
260200;"jędrzejowski";"świętokrzyskie";97;97;63068;64770;21911;41156;8;41164;63;366;8;0;0;0;0;8;41164;8;4;41160;160;55;105;0;41000;171;1076;3292;1534;293;63;6566;18559;289;314;7506;37;1300
260300;"kazimierski";"świętokrzyskie";34;34;25447;26005;10667;14780;4;14784;45;110;4;0;0;0;0;4;14784;4;0;14784;59;20;39;0;14725;54;395;1116;744;82;28;2469;6549;106;89;2653;6;434
260400;"kielecki";"świętokrzyskie";249;249;160642;164693;50953;109687;25;109712;125;884;22;1;0;1;0;20;109710;20;7;109703;500;137;363;0;109203;440;2777;10097;4586;893;162;17981;47592;853;1219;18671;91;3841
260500;"konecki";"świętokrzyskie";89;89;60006;60500;21579;38427;6;38433;98;323;6;0;0;0;0;6;38432;6;2;38430;171;62;109;0;38259;220;1262;2603;1658;358;73;5083;16850;317;453;8225;24;1133
260600;"opatowski";"świętokrzyskie";85;85;39407;39319;15902;23503;3;23506;51;236;3;0;0;1;0;2;23504;2;0;23504;144;43;101;0;23360;109;660;2078;871;149;64;3960;10731;216;172;3701;33;616
260700;"ostrowiecki";"świętokrzyskie";96;96;78725;78585;31790;46933;25;46958;75;334;25;1;0;0;0;24;46955;24;4;46951;239;63;176;0;46712;199;1813;3687;1872;339;102;5796;16740;368;470;13788;38;1500
260800;"pińczowski";"świętokrzyskie";41;41;30133;30401;12068;18064;7;18071;54;207;7;0;0;0;0;7;18072;7;3;18069;88;28;60;0;17981;62;555;1532;655;139;38;2794;7588;145;151;3800;12;510
260900;"sandomierski";"świętokrzyskie";93;93;57165;58379;21274;35892;19;35911;111;338;19;0;0;0;0;19;35911;19;2;35909;181;58;123;0;35728;162;997;3079;1498;280;68;5406;14595;307;292;8055;20;969
261000;"skarżyski";"świętokrzyskie";67;67;54080;54087;19920;34160;21;34181;98;341;19;1;0;0;0;18;34175;18;3;34172;150;52;98;0;34022;172;1226;2400;1478;319;57;4358;11673;323;430;10392;22;1172
261100;"starachowicki";"świętokrzyskie";70;70;65335;65971;23842;41493;21;41514;66;435;20;1;0;0;0;19;41501;19;7;41494;173;40;133;0;41321;222;1269;3349;1638;364;107;5759;15823;332;448;10712;46;1252
261200;"staszowski";"świętokrzyskie";92;92;54240;54585;20382;33858;7;33865;49;347;7;0;0;0;0;7;33865;7;3;33862;149;44;105;0;33713;122;791;2900;1087;249;85;5271;15931;227;286;5748;39;977
261300;"włoszczowski";"świętokrzyskie";42;42;34279;34972;11674;22605;7;22612;37;208;7;0;0;0;0;7;22612;7;0;22612;98;30;68;0;22514;77;588;1952;787;159;38;3772;10364;148;185;3692;18;734
266100;"Kielce";"świętokrzyskie";95;95;139054;140631;41431;97622;88;97710;118;1369;78;1;0;0;0;77;97691;77;14;97677;360;124;236;0;97317;468;3840;6054;4918;819;167;11091;27708;1072;1244;35554;86;4296
280100;"bartoszycki";"warmińsko-mazurskie";58;58;42190;41528;19011;23179;9;23188;38;328;9;0;0;0;0;9;23187;9;1;23186;159;35;124;0;23027;102;852;1382;1170;186;44;3468;6528;199;199;8173;16;708
280200;"braniewski";"warmińsko-mazurskie";42;42;29060;29128;12684;16376;5;16381;43;220;5;0;0;0;0;5;16379;5;0;16379;95;31;64;0;16284;91;700;877;896;109;36;2700;4417;160;185;5601;22;490
280300;"działdowski";"warmińsko-mazurskie";78;78;47304;47600;19306;27997;9;28006;36;235;9;0;0;0;0;9;28003;9;4;27999;146;41;105;0;27853;146;1097;1699;1279;237;54;4720;9612;204;267;7433;27;1078
280400;"elbląski";"warmińsko-mazurskie";58;58;41242;41935;17590;23652;10;23662;40;249;10;1;0;0;0;9;23661;9;1;23660;146;38;108;0;23514;96;931;1582;1226;170;55;3797;6509;241;265;7822;13;807
280500;"ełcki";"warmińsko-mazurskie";58;58;63785;64027;27474;36322;6;36328;45;450;6;0;0;0;0;6;36326;6;1;36325;213;34;179;0;36112;252;1276;2717;1792;316;71;6364;10414;310;400;10931;33;1236
280600;"giżycki";"warmińsko-mazurskie";57;57;41066;41595;16327;24740;10;24750;18;778;9;0;0;0;0;9;24748;9;1;24747;121;42;79;0;24626;138;1027;1622;1242;164;56;3496;6019;258;298;9475;45;786
280700;"iławski";"warmińsko-mazurskie";74;74;68099;68570;25698;42397;14;42411;46;555;14;0;0;0;0;14;42413;14;6;42407;226;63;163;0;42181;176;1733;2609;2123;288;73;7250;12700;385;418;12794;44;1588
280800;"kętrzyński";"warmińsko-mazurskie";59;59;44583;44469;20166;24417;14;24431;33;261;14;1;0;1;0;12;24429;12;0;24429;122;40;82;0;24307;111;992;1522;1137;143;54;3807;6740;185;221;8576;31;788
280900;"lidzbarski";"warmińsko-mazurskie";41;41;28928;29256;12270;16658;4;16662;30;285;4;0;0;0;0;4;16662;4;0;16662;94;21;73;0;16568;87;745;1049;801;112;31;2505;4495;176;187;5775;6;599
281000;"mrągowski";"warmińsko-mazurskie";49;49;36021;36636;14120;21902;4;21906;32;514;4;0;0;0;0;4;21905;4;3;21902;111;24;87;0;21791;105;851;1520;1092;154;60;3337;5779;186;244;7652;16;795
281100;"nidzicki";"warmińsko-mazurskie";38;38;23565;23855;9773;13790;6;13796;10;125;6;0;0;0;0;6;13798;6;0;13798;78;20;58;0;13720;69;455;874;489;107;26;2470;4788;95;90;3802;5;450
281200;"nowomiejski";"warmińsko-mazurskie";59;59;31386;32027;11929;19456;0;19456;27;211;0;0;0;0;0;0;19456;0;0;19456;82;32;50;0;19374;67;660;1145;914;121;30;3966;6780;157;216;4655;16;647
281300;"olecki";"warmińsko-mazurskie";36;36;23951;23818;10960;12991;3;12994;28;168;3;1;0;0;0;2;12990;2;0;12990;58;12;46;0;12932;94;427;1188;627;79;44;2169;3981;117;161;3633;12;400
281400;"olsztyński";"warmińsko-mazurskie";160;160;96929;98952;35412;61510;41;61551;54;882;37;1;3;0;0;33;61549;33;4;61545;350;87;263;0;61195;342;3018;3328;3449;521;119;9539;14395;629;809;22182;50;2814
281500;"ostródzki";"warmińsko-mazurskie";101;101;74071;75625;29684;44384;13;44397;64;650;11;0;0;0;0;11;44394;11;13;44381;237;68;169;0;44144;181;1876;2898;2178;275;91;6870;11290;411;452;16010;40;1572
281600;"piski";"warmińsko-mazurskie";51;51;40572;41431;16927;23644;2;23646;37;724;2;0;0;0;0;2;23647;2;1;23646;135;33;102;0;23511;122;749;1719;1030;185;50;4376;8128;176;229;6023;12;712
281700;"szczycieński";"warmińsko-mazurskie";84;84;51158;52448;19842;31311;3;31314;64;644;3;0;0;0;0;3;31319;3;1;31318;159;31;128;0;31159;178;1170;2078;1490;256;83;5160;9780;283;322;9234;26;1099
281800;"gołdapski";"warmińsko-mazurskie";25;25;19007;18822;8803;10204;10;10214;12;269;10;2;0;0;0;8;10212;8;2;10210;27;8;19;0;10183;52;396;743;511;37;28;1745;2754;90;76;3472;3;276
281900;"węgorzewski";"warmińsko-mazurskie";29;29;16578;16620;7036;9541;3;9544;13;203;3;1;0;0;0;2;9544;2;0;9544;48;9;39;0;9496;63;423;581;463;59;27;1531;2429;82;100;3446;7;285
286100;"Elbląg";"warmińsko-mazurskie";62;62;81940;82651;28587;53353;43;53396;71;774;39;2;0;0;0;37;53383;36;10;53373;262;86;176;0;53111;244;2344;2352;2815;365;85;6345;12878;535;735;22262;43;2108
286200;"Olsztyn";"warmińsko-mazurskie";104;104;119892;124544;31819;88076;57;88133;92;1419;52;6;0;0;1;45;88116;45;12;88104;350;119;231;0;87754;472;4855;3659;4786;713;133;10731;17742;1104;1313;36278;95;5873
300100;"chodzieski";"wielkopolskie";47;47;34255;34907;11797;22457;1;22458;36;252;1;0;0;0;0;1;22458;1;4;22454;83;31;52;0;22371;113;1075;1380;1524;159;45;3214;4655;224;258;8650;29;1045
300200;"czarnkowsko-trzcianecki";"wielkopolskie";84;84;62723;63508;23710;39008;13;39021;50;396;13;0;0;0;0;13;39025;13;1;39024;198;60;138;0;38826;193;1514;2398;2209;219;79;6008;10016;410;435;13928;42;1375
300300;"gnieźnieński";"wielkopolskie";128;128;105086;107998;34323;70755;42;70797;85;512;42;1;0;0;0;41;70790;41;13;70777;297;127;170;0;70480;385;3635;3848;4513;505;126;11074;18049;712;903;23581;69;3080
300400;"gostyński";"wielkopolskie";91;91;55065;56386;20020;35045;7;35052;50;107;6;0;0;0;0;6;35050;6;4;35046;139;51;88;0;34907;115;1413;2567;1795;267;73;7356;10815;347;379;8483;26;1271
300500;"grodziski";"wielkopolskie";32;32;37716;38684;13176;24540;1;24541;39;116;1;0;0;0;0;1;24537;0;3;24534;136;49;87;0;24398;124;1055;1569;1554;183;57;4528;6915;293;308;6691;35;1086
300600;"jarociński";"wielkopolskie";64;64;52054;53137;18444;33610;12;33622;36;236;12;0;0;0;0;12;33617;12;0;33617;155;66;89;0;33462;165;1333;2152;1870;288;60;6011;10300;374;400;8977;25;1507
300700;"kaliski";"wielkopolskie";99;99;62496;64240;21302;41192;15;41207;65;243;14;1;0;0;0;13;41207;13;2;41205;190;58;132;0;41015;186;1398;2961;2028;287;57;7466;16240;363;455;8182;24;1368
300800;"kępiński";"wielkopolskie";54;54;41466;42650;13920;27546;4;27550;31;188;4;0;0;0;0;4;27549;4;1;27548;112;34;78;0;27436;135;932;1798;1512;210;51;4957;8096;270;319;8113;16;1027
300900;"kolski";"wielkopolskie";68;68;63267;64140;23651;39616;4;39620;65;263;4;1;0;0;0;3;39615;3;3;39612;174;49;125;0;39438;180;1267;2552;1418;247;88;6488;16636;265;359;8635;28;1275
301000;"koniński";"wielkopolskie";121;121;97921;100439;33934;63986;5;63991;101;493;5;1;0;0;0;4;63988;4;4;63984;294;83;211;0;63690;309;2322;4423;2593;448;109;10776;26583;546;703;12427;72;2379
301100;"kościański";"wielkopolskie";82;82;57664;59252;19336;38328;19;38347;27;258;19;1;0;0;0;18;38345;18;0;38345;218;80;138;0;38127;165;1844;2309;2483;309;72;6328;9962;405;445;12043;38;1724
301200;"krotoszyński";"wielkopolskie";74;74;55562;56853;20039;35525;10;35535;47;221;10;0;0;0;0;10;35536;10;1;35535;205;90;115;0;35330;190;1393;2487;1897;277;65;6362;10973;358;423;9467;41;1397
301300;"leszczyński";"wielkopolskie";51;51;43959;45615;14203;29753;4;29757;23;369;4;2;0;0;0;2;29756;2;9;29747;117;41;76;0;29630;159;1425;1962;1940;250;56;5753;7691;371;370;8296;35;1322
301400;"międzychodzki";"wielkopolskie";27;27;27035;27709;10132;16900;2;16902;30;250;0;0;0;0;0;0;16903;0;3;16900;78;33;45;0;16822;80;785;1232;946;118;28;2708;3705;157;205;6164;26;668
301500;"nowotomyski";"wielkopolskie";56;56;55009;56628;17786;37224;5;37229;32;370;5;0;0;0;0;5;37228;5;0;37228;165;65;100;0;37063;193;1687;2440;2447;234;52;6036;8406;438;475;12986;46;1623
301600;"obornicki";"wielkopolskie";69;69;42313;43729;13774;28539;1;28540;36;329;1;0;0;0;0;1;28539;1;3;28536;125;41;84;0;28411;125;1364;1688;1674;192;54;4159;6343;336;396;10774;30;1276
301700;"ostrowski";"wielkopolskie";148;148;118636;121687;39466;79171;49;79220;87;790;46;1;0;0;0;45;79211;45;4;79207;307;135;172;0;78900;422;3056;5277;4444;584;153;12521;22454;777;945;25057;75;3135
301800;"ostrzeszowski";"wielkopolskie";71;71;41191;42122;14714;26478;8;26486;37;176;8;0;0;0;0;8;26486;8;7;26479;133;52;81;0;26346;142;988;1839;1518;186;55;4847;8081;275;276;7044;24;1071
301900;"pilski";"wielkopolskie";124;124;96000;97503;33204;62795;37;62832;81;926;36;1;0;0;0;35;62823;35;3;62820;240;75;165;0;62580;326;2859;3564;3566;384;90;9434;15171;614;684;23388;63;2437
302000;"pleszewski";"wielkopolskie";72;72;46722;47434;16727;29993;9;30002;49;223;9;0;0;0;0;9;30002;9;0;30002;168;70;98;0;29834;129;1098;1822;1663;232;71;5326;9695;262;350;8167;24;995
302100;"poznański";"wielkopolskie";252;252;308502;322805;65858;242631;44;242675;237;2875;43;2;0;0;0;41;242648;41;57;242591;916;324;592;0;241675;1151;13759;10317;17002;1789;339;30438;39492;3417;3963;105458;241;14309
302200;"rawicki";"wielkopolskie";65;65;44432;45487;16415;28017;12;28029;17;218;12;0;0;0;0;12;28028;12;1;28027;151;65;86;0;27876;133;1311;2090;1598;235;50;4944;7401;277;330;8373;21;1113
302300;"słupecki";"wielkopolskie";65;65;43901;45085;15803;28098;3;28101;36;270;3;0;0;0;0;3;28101;3;3;28098;124;49;75;0;27974;147;1027;1671;1475;184;49;4692;9733;257;289;7343;25;1082
302400;"szamotulski";"wielkopolskie";61;61;68719;70770;22219;46498;7;46505;80;411;7;1;0;0;0;6;46504;6;8;46496;207;82;125;0;46289;269;2306;2949;2886;282;69;6671;9918;575;573;17607;44;2140
302500;"średzki";"wielkopolskie";55;55;44007;45226;14334;29673;5;29678;35;186;3;0;1;0;0;2;29673;2;3;29670;159;47;112;0;29511;130;1502;1731;2057;251;56;4921;7436;340;394;9237;46;1410
302600;"śremski";"wielkopolskie";47;47;44697;45914;15127;29562;7;29569;31;322;6;0;0;0;0;6;29566;6;10;29556;113;48;65;0;29443;166;1579;1953;1921;215;92;4914;7165;339;391;9310;23;1375
302700;"turecki";"wielkopolskie";74;74;61577;62743;21195;40382;9;40391;55;297;8;0;0;0;0;8;40389;8;3;40386;201;58;143;0;40185;162;1480;2903;1766;289;69;6549;16073;337;408;8732;30;1387
302800;"wągrowiecki";"wielkopolskie";79;79;50534;52092;17531;32997;4;33001;36;259;4;0;0;1;0;3;33004;4;3;33001;147;56;91;0;32854;144;1485;2055;2267;231;73;5421;8122;330;376;10959;26;1365
302900;"wolsztyński";"wielkopolskie";50;50;41831;43235;13441;28389;4;28393;16;343;4;0;0;0;0;4;28391;4;3;28388;179;71;108;0;28209;142;1188;1867;1817;219;55;5416;6951;273;356;8640;32;1253
303000;"wrzesiński";"wielkopolskie";73;73;56650;58746;17840;38795;19;38814;32;272;19;4;0;0;0;15;38810;15;2;38808;187;71;116;0;38621;184;1805;2398;2626;318;92;6212;10572;411;523;11762;47;1671
303100;"złotowski";"wielkopolskie";72;72;49860;50543;19969;29886;16;29902;32;261;16;1;0;0;0;15;29906;15;1;29905;155;44;111;0;29750;131;1182;1965;1763;204;66;5008;7223;307;308;10440;33;1120
306100;"Kalisz";"wielkopolskie";57;57;69762;70555;22057;47703;59;47762;45;434;55;6;0;0;0;49;47748;49;4;47744;175;73;102;0;47569;173;1973;2441;2318;297;82;5294;11700;468;583;20023;40;2177
306200;"Konin";"wielkopolskie";47;47;51347;51830;16741;34607;37;34644;20;447;35;1;0;0;0;34;34640;33;8;34632;136;46;90;0;34496;139;1600;1655;1528;215;61;3852;10510;338;396;12741;28;1433
306300;"Leszno";"wielkopolskie";34;34;43643;44607;13632;30011;47;30058;35;324;46;7;0;0;0;39;30050;39;5;30045;101;37;64;0;29944;133;1703;1288;1750;180;47;3677;5672;319;357;13383;23;1412
306400;"Poznań";"wielkopolskie";259;259;375464;407035;70892;304655;228;304883;272;5261;217;19;2;0;0;196;304837;195;113;304724;1025;390;635;0;303699;1313;20865;9862;18420;1819;419;29425;44505;5389;4325;134124;306;32927
320100;"białogardzki";"zachodniopomorskie";36;36;33513;33643;14714;18796;2;18798;36;165;2;0;0;0;0;2;18797;2;0;18797;128;42;86;0;18669;65;849;1117;716;107;37;2775;4902;165;210;7122;20;584
320200;"choszczeński";"zachodniopomorskie";63;63;34457;34774;15086;19372;4;19376;40;295;4;1;0;0;0;3;19374;3;0;19374;131;39;92;0;19243;92;848;1045;970;101;52;2947;5473;142;180;6709;12;672
320300;"drawski";"zachodniopomorskie";63;63;41498;41749;17718;23773;10;23783;44;380;10;3;0;0;1;6;23776;6;10;23766;100;19;81;0;23666;97;949;1639;1093;124;58;3456;6007;202;227;9081;24;709
320400;"goleniowski";"zachodniopomorskie";76;76;60714;61919;22897;37816;15;37831;46;357;15;2;0;0;0;13;37827;13;4;37823;226;47;179;0;37597;194;1698;2052;1714;239;58;5547;9321;357;448;14426;25;1518
320500;"gryficki";"zachodniopomorskie";59;59;47783;46132;20292;27491;3;27494;69;2380;2;0;0;0;0;2;27487;2;0;27487;157;45;112;0;27330;107;1081;1446;1277;145;62;3338;7386;196;262;11083;17;930
320600;"gryfiński";"zachodniopomorskie";85;85;58544;59514;23135;35407;25;35432;48;496;22;3;1;0;0;18;35427;18;8;35419;218;60;158;0;35201;152;1261;2266;1598;195;57;5044;10501;360;400;11971;27;1369
320700;"kamieński";"zachodniopomorskie";52;52;36622;37025;13946;22674;8;22682;33;2021;8;0;0;0;0;8;22683;8;0;22683;117;26;91;0;22566;79;936;1190;948;141;64;2737;5553;198;210;9748;32;730
320800;"kołobrzeski";"zachodniopomorskie";66;66;65240;65755;21227;44009;18;44027;49;6843;14;0;1;0;0;13;44022;13;1;44021;192;51;141;0;43829;203;1967;2117;2130;241;63;4806;10666;396;410;19436;28;1366
320900;"koszaliński";"zachodniopomorskie";77;77;51217;51408;18817;32398;7;32405;30;1775;7;1;0;0;0;6;32404;6;5;32399;176;50;126;0;32223;149;1475;2042;1767;218;53;4779;7704;325;348;12269;31;1063
321000;"myśliborski";"zachodniopomorskie";74;74;46716;47022;19801;26912;2;26914;51;273;2;0;0;0;0;2;26917;2;1;26916;174;36;138;0;26742;112;994;1874;1108;129;63;3916;7331;231;276;9794;25;889
321100;"policki";"zachodniopomorskie";59;59;59269;61789;16233;43037;12;43049;59;706;12;3;0;0;0;9;43048;9;4;43044;191;47;144;0;42853;221;2095;2103;2428;303;55;5195;8156;519;637;18862;39;2240
321200;"pyrzycki";"zachodniopomorskie";36;36;27838;28236;11165;16673;4;16677;34;164;4;0;0;0;0;4;16677;4;0;16677;97;31;66;0;16580;56;568;1037;731;88;41;2702;5814;148;149;4672;11;563
321300;"sławieński";"zachodniopomorskie";73;73;43249;43740;15666;27583;11;27594;40;3319;10;1;0;0;0;9;27592;9;1;27591;117;43;74;0;27474;120;1130;1671;1264;158;46;4131;7496;242;279;10099;24;814
321400;"stargardzki";"zachodniopomorskie";105;105;86754;88775;30334;56417;17;56434;107;597;17;1;0;0;0;16;56436;16;9;56427;277;96;181;0;56150;284;2296;3201;3003;372;79;7878;14666;501;705;20885;46;2234
321500;"szczecinecki";"zachodniopomorskie";75;75;54968;55070;22568;32389;13;32402;84;558;13;1;0;0;0;12;32403;12;0;32403;176;53;123;0;32227;151;1271;2006;1415;205;76;4436;9104;289;299;11921;32;1022
321600;"świdwiński";"zachodniopomorskie";45;45;33651;33685;14260;19391;1;19392;31;585;1;0;0;0;0;1;19392;1;8;19384;112;41;71;0;19272;76;754;1184;888;116;35;2749;5478;169;184;7041;15;583
321700;"wałecki";"zachodniopomorskie";46;46;37516;37754;14923;22593;8;22601;36;241;6;1;0;0;0;5;22596;5;1;22595;111;39;72;0;22484;117;1027;1286;1118;154;29;3260;5285;217;238;8842;25;886
321800;"łobeski";"zachodniopomorskie";32;32;25383;25581;11444;13939;17;13956;36;165;17;3;0;0;0;14;13953;14;1;13952;94;31;63;0;13858;70;475;881;672;75;36;1835;4046;128;114;5066;9;451
326100;"Koszalin";"zachodniopomorskie";56;56;76085;77068;24053;52026;31;52057;90;1019;29;0;0;0;3;26;52043;26;6;52037;198;58;140;0;51839;211;2678;2428;2811;324;87;6010;10701;587;648;23379;51;1924
326200;"Szczecin";"zachodniopomorskie";210;210;270154;280501;75717;194424;147;194571;249;3229;137;16;3;1;1;119;194533;118;60;194473;805;249;556;0;193668;918;9815;8574;9711;1290;273;20633;40601;2626;2937;83816;166;12308
326300;"Świnoujście";"zachodniopomorskie";28;28;30200;30732;9755;20442;7;20449;25;1997;7;2;0;0;0;5;20450;5;3;20447;87;29;58;0;20360;88;890;1060;805;109;44;2294;4207;157;195;9756;12;743
